name,alt.name,venue
3 Rivers Black B03,3RSC B03 Black,Beaverton Cup BU14 Silver
3 Rivers Black B03,3RSC Black B03,Mt Hood Challenge U14 Silver
3 Rivers Black B03,3RSC B2003 BLACK,RCL B03 Div 2
3 Rivers Black B03,3RSC B2003 BLACK,Win RCL B03 Div 3
3 Rivers Black B03,3RSC B2003 BLACK,WYS Presidents Cup B03 Division 1
3 Rivers Green B03,THREE RIVERS B2003 RCL GREEN (WA),Les Schwab NW Cup U14 Boys U14
3 Rivers Green B03,3RSC B2003 RCL GREEN,RCL B03 Div 4
3 Rivers Green B03,3RSC B2003 RCL GREEN,Win RCL B03 Div 5
3 Rivers White B03,3 RIVERS SOCCER 3RSC 03 DISTRICT WHITE (WA),Les Schwab NW Cup U14 Boys U14
3 Rivers White B03,Three Rivers Soccer Club 3rsc B03 pspl white,PSPL-Inland Copa 1 U14
3 Rivers White B03,Three Rivers Soccer Club 3rsc B03 pspl white,Spr PSPL-Inland Copa Classic U14
4-H Atletico B03,4-H Atletico,Mt Hood Challenge U14 Silver
4-H Atletico B03,4-H 03B Atletico Ever,PTT B03 Division 1 Green
4-H Atletico B03,4-H 03B Atletico Ever,Spr OYS B03 Division 1 Green
4-H FC Joga B03,4-H FC Joga,Capital Cup BU14 Gold
4-H FC Joga B03,4-H FC Joga,Mt Hood Challenge U14 Gold
4-H FC Joga B03,4-H 03B FC Joga,PTT B03 Premier White
4-H FC Joga B03,4-H 03B FC Joga,Spr OYS B03 Premier Green
4-H FC Joga B03,4-H 03B FC Joga,OYS State Cup B03
4-H Penarol B03,4-H Penarol 2003,Mt Hood Challenge U14 Premier
4-H Penarol B03,4-H 03B Penarol,PTT B03 Premier Green
4-H Penarol B03,4-H 03B Penarol,Spr OYS B03 Premier Green
4-H Penarol B03,4-H 03B Penarol,OYS State Cup B03
4-H PSG B03,4-H 03B PSG Patrick,PTT B03 Division 1 White
Academia de Futebol ADF B03,ADF B03,Mt Hood Challenge U14 Silver
Academia de Futebol ADF B03,ACADEMIA DE FUTEBOLTRAINING ADF 03 (OR),Nike Crossfire Challenge Super Group U14
Academia de Futebol ADF B03,ADF 03B,PTT B03 Premier White
Academia de Futebol ADF B03,ADF 03B,Spr OYS B03 Premier White
Academia de Futebol ADF B03,ADF 03B,OYS State Cup B03
Academia Leon B03,Academia Leon B2003,Capital Cup BU14 Silver
Academia Leon B03,Academia Leon B2003,Mt Hood Challenge U14 Bronze
Academia Leon B03,Academia Leon FC 03B,PTT B03 Division 1 White
Alaska ODP B03,Alaska ODP 03B,FWRL B03
Albion SC Academy B03,ALBION SC ALBION ACADEMY B03 GARTON (CAS),Surf Cup Super Black U14
Albion SC USSDA B02,ALBION SC B02 USSDA (CAS),Surf Cup USSDA Black U14
Aloha United Atletico Black B03,AUCSC 03B Atletico Black,OYS Presidents Cup B03
Aloha United Atletico Black B03,ALOHA UNITEDATLETICO BLACK U14,PCU Summer Classic U14 Boys Bronze
Aloha United Atletico Black B03,AUCSC 03B Atletico Black,PTT B03 Division 1 Green
Aloha United Atletico Black B03,AUCSC 03B Atletico Black,Spr OYS B03 Division 1 White
Aloha United Atletico Black B04,Atletico Black (Vejo),Cowlitz Kickoff BU13-14
Alum Rock PAC Inter Milan B03,ALUM ROCK YSL AR INTER MILAN 03,FWRL CAN CRL U14
Arsenal FC Academy USSDA B02,ARSENAL FC USSDA 2002 (CAS),Surf Cup USSDA Black U14
Arsenal FC B03,ARSENAL FC ARSENAL B03 (CAS),Oswego Nike Cup Gold U14
Avalanche FC Apex White B03,AFC APEX 03 WHITE,Performance Cup U14 Boys Gold
AVFC Predator B03,AVFC Predator,Nomads Thanksgiving 1st Division U14
Aztecas -Unk B03,Aztecas,Clash At the Border Div 2 Gold/Silver/Bronze U14
Barcelona NV Academy B B03,BARCELONA NV USAACADEMY SRJ,LV Thanksgiving Classic LVTC U14 Boys Silver Elite
Barcelona NV Academy B B03,BARCELONA NV USA ACADEMY SRJ,FWRL Desert 2003 U14
Barcelona NV Academy B03,BARCELONA NV USAACADEMY '03 A,LV Thanksgiving Classic LVTC U14 Boys Gold
Bays United Team Fury B03,Bays United FC Team Fury,Starfire Spring Classic BU14
Beach FC B03,BEACH FC B03 REA,NHB Cup Flight 1
Bellevue United Select B03,Bellevue United Select B03,Blast Off B2003-04 B
Bellevue United Select B03,BUFC Select B03 VanGaver,NPSL Division 2 (03) U14
Bend FC Timbers Red B03,BFCT B03 Red,Beaverton Cup BU14 Gold
Bend FC Timbers Red B03,Bend FC Timbers 03B RED,FWRL B03
Bend FC Timbers Red B03,Bend FC Timbers 03B RED FWRL,FWRL B03
Bend FC Timbers Red B03,Bend FC Timbers 03B RED,PTT B03 Premier Green
Bend FC Timbers Red B03,Bend FC Timbers 03B RED FWRL,PTT B03 Premier Green
Bend FC Timbers Red B03,BFCT B03 Red,US Club Regionals 2003
Bend FC Timbers Red B03,Bend FC Timbers 03B RED FWRL,Spr OYS B03 Premier Green
Bend FC Timbers Red B03,Bend FC Timbers 03B RED FWRL,OYS State Cup B03
Bend FC Timbers White B03,BEND FC TIMBERS BFCT 03B WHITE (OR),Bend Premier Cup Lucas Melano (Silver) Division U14
Bend FC Timbers White B03,Bend FC Timbers B03 White,Mt Hood Challenge U14 Silver
Bend FC Timbers White B03,Bend FC Timbers 03B WHITE,PTT B03 Division 1 Green
Bend FC Timbers White B03,Bend FC Timbers 03B WHITE,OYS Founders Cup B03
Bend FC Timbers White B03,Bend FC Timbers 03B WHITE,Spr OYS B03 Division 1 White
BIFC Blue B03,Bainbridge Island FC Blue B03,Island Cup BU14 Gold
BIFC Blue B03,Bainbridge Island FC Blue B03,NPSL Division 2 (03) U14
BIFC Blue B03,Bainbridge Island FC B03 Blue,Seattle United Cup BU14 Gold
BIFC Blue B03,Bainbridge Island FC B03 Blue,Skagit Firecracker Gold U14
BIFC Blue B03,Bainbridge Island FC Blue B03,Founders Cup B03 Div A
BIFC Blue B03,Bainbridge Island FC Blue B03,WYS Presidents Cup B03 Division 2
BIFC White B03,Bainbridge Island FC White B03,Island Cup BU13-14 Silver
BIFC White B03,Bainbridge Island FC White B03,NPSL Division 3 (03) U14
BIFC White B03,BIFC B03 White,Seattle United Cup BU14 Silver
BIFC White B03,Bainbridge Island FC B03 White,Skagit Firecracker Silver U14
BIFC White B04,Bainbridge Island FC White B04,Island Cup BU13-14 Silver
Black Angels -Unk B03,Black Angels,Starfire Spring Classic BU14
Blackfoot Broncos FC B02,BLACKFOOT YSABRONCOS FC,Yellowstone Cup Boys U13/14
Blackhills FC Black B03,BLACKHILLS FC B03 BLACK (WA),Bigfoot Gold U14
Blackhills FC Black B03,Blackhills FC B03 Black,Capital Cup BU14 Silver
Blackhills FC Black B03,BLACKHILLS FC B 03 BLACK A (WA),Nike Crossfire Challenge Gold Group U14
Blackhills FC Black B03,Blackhills FC B03 Black A,RCL B03 Div 3
Blackhills FC Black B03,Blackhills FC B03 Black A,Win RCL B03 Div 3
Blackhills FC Black B03,Blackhills FC B03 Black A,WYS Presidents Cup B03 Division 2
Blackhills FC Red B03,Blackhills FC B03 Red,Capital Cup BU14 Silver
Blackhills FC Red B03,Blackhills FC B03 Red,NPSL Division 3 (03) U14
Blackhills FC Red B03,BLACKHILLS FC B 03 RED (WA),REDAPT Cup Silver U14
Blackhills FC Red B03,Blackhills FC B03 Red,Sounders FC Cup BU14 Bronze
Blackhills FC Red B03,Blackhills FC B03 Red B,Spr NPSL (03) Division 2 (South) U14
Blackhills FC Red B03,Blackhills FC B 03 Red B,WYS Presidents Cup B03 Division 2
Boise Nationals Timbers Blue B03,Boise Nationals Timbers,FWRL B03
Boise Nationals Timbers Blue B03,BOISE NATIONALS TIMBERS U14 2003 BLUE,Spr Idaho D3 U13/U14 Division 1
Boise Nationals Timbers Blue B03,BOISE NATIONALS TIMBERS U14 2003 RED (ID),Canyon Rim Classic U14 B U14
Boise Nationals Timbers Blue B03,BOISE NATIONALS TIMBERS U14 2003 BLUE (ID),ID State Cup Boys U14 U14
Boise Nationals Timbers Blue B04,BOISE NATIONALS TIMBERS U13 2004 BLUE (ID),GEM State Challenge U14 Boys U14
Boise Nationals Timbers Blue B04,BOISE NATIONALS TIMBERS U13 2004 BLUE,Spr Idaho D3 U13/U14 Division 1
Boise Nationals Timbers Red B03,BOISE NATIONALS TIMBERS U14 2003 RED (ID),GEM State Challenge U14 Boys U14
Boise Nationals Timbers Red B03,BOISE NATIONALS TIMBERS U14 2003 RED,Idaho D3 Division 2 East U14
Boise Nationals Timbers Red B03,BOISE NATIONALS TIMBERS U14 2003 RED,Spr Idaho D3 U14 Boys Division 2
Boise Nationals Timbers Red B03,BOISE NATIONALS TIMBERS 2003 RED (ID),ID Directors Cup U13/U14 Gold U14
Boise Nationals Timbers Red B04,BOISE NATIONALS TIMBERS U13 2004 RED,Idaho D3 Division 2 West U14
Boise Nationals Timbers Red B04,BOISE NATIONALS TIMBERS 2004 RED (ID),ID Directors Cup U13/U14 Gold U14
Bozeman Blitzz Blue B03,BLITZZ FC BLUE (MT),PVSC Spring Classic BU14 U14
Breakers Black B03,Breakers FC B03 Black,Mt Hood Challenge U14 Bronze
Breakers Black B03,"BREAKERS FCBLACK B03-04, CHESTER",Pend Orielle Cup U14/15 Silver
Breakers Black B03,IEYSA Breakers FC - Black B03-04 Chester,PSPL Classic 1 U14
Breakers Black B03,Breakers FC Black 03 - Chester,Seattle United Cup BU14 Silver
Breakers Black B03,IEYSA Breakers FC - Black B03-04 Chester,Spr PSPL SuperLeague 2 U14
Breakers Black B03,SPOKANE BREAKERS FC B03 (WA),WA Cup Boys U14 Silver U14
Breakers Red B03,BREAKERS FCRED B03 RADTKE,Pend Orielle Cup U14/15 Silver
Breakers Red B03,IEYSA Breakers FC - Red B03 Radtke,PSPL-Inland Copa 2 U14
Breakers Red B03,BREAKERS FC RED B03 RADTKE (WA),River City Challenge Boys U14 (2003) U14
Breakers Red B03,IEYSA Breakers FC - Red B03 Radtke,Spr PSPL-Inland Copa 1 U14
BSC Portland Black B03,BSC 03B Black,PTT B03 Premier White
BSC Portland Black B03,BSC 03B Black,Spr OYS B03 Division 1 Green
BSC Portland Gold B03,BSC 03B Gold,PTT B03 Division 2 White
BSC Portland Gold B03,BSC 03B Gold,Spr OYS B03 Division 2 Green
BVSC Flames B03,BVSC FLAMES (CANADA),SX Cup Boys U14 Premier - Tier 1 U14
BYSL Ballistic SC B02,BYSL U13 BOYS BALLISTIC SC,Yellowstone Cup Boys U13/14
BYSL Blackhawks B03,BYSL FUSION BLACKHAWKS (ID),Canyon Rim Classic U14 B U14
BYSL Blackhawks B03,BYSL FUSION BLACKHAWKS (ID),PVSC Spring Classic BU14 U14
BYSL Fusion B02,BYSL FUSION 02-03,Yellowstone Cup Boys U13/14
BYSL Fusion B03,BYSL FUSION (ID),PVSC Spring Classic BU14 U14
BYSL Knights B02,BYSL KNIGHTS,Yellowstone Cup Gold
Cal Odyssey South Black B03,CALIFORNIA ODYSSEY SOUTH B03 BLACK,NorCal NPL 03 NPL 1 East
California Magic SC B03,CALIFORNIA MAGIC CAL MAGIC 03B,FWRL CAN At Large U14
Canyon Optimist Inferno B03,INFERNO,Idaho D3 Division 2 West U14
Canyon Optimist Inferno B03,INFERNO (ID),ID Directors Cup U13/U14 Gold U14
Capital FC Timbers Black B03,CFC Timbers 2003 Boys Black,Capital Cup BU14 Silver
Capital FC Timbers Black B03,CFC Timbers 2003 Boys,Chinook Cup Silver U14
Capital FC Timbers Black B03,CAPITAL FC TIMBERS CFC TIMBERS B03 BLACK (OR),Oswego Nike Cup Gold U14
Capital FC Timbers Black B03,Capital FC Timbers 03B Hoskins,OYS Presidents Cup B03
Capital FC Timbers Black B03,Capital FC Timbers 03B Hoskins,PTT B03 Division 1 White
Capital FC Timbers Red B03,CFC Timbers 2003 Boys Red,Capital Cup BU14 Gold
Capital FC Timbers Red B03,Capital FC Timbers 03B Brouse,FWRL B03
Capital FC Timbers Red B03,Capital FC Timbers 03B Brouse FWRL,FWRL B03
Capital FC Timbers Red B03,CFC Timbers B03 Red,Mt Hood Challenge U14 Premier
Capital FC Timbers Red B03,CAPITAL FC TIMBERS 2003B RED (OR),Nike Crossfire Challenge Gold Group U14
Capital FC Timbers Red B03,Capital FC Timbers 03B Brouse,PTT B03 Premier White
Capital FC Timbers Red B03,Capital FC Timbers 03B Brouse FWRL,PTT B03 Premier White
Capital FC Timbers Red B03,Capital FC Timbers 03B Brouse FWRL,Spr OYS B03 Premier Green
Capital FC Timbers Red B03,Capital FC Timbers 03B Brouse FWRL,OYS State Cup B03
Capital FC Timbers White B03,Capital FC Timbers 03B Kagey,Spr OYS B03 Division 1 White
Capital FC Timbers White B03,Capital FC Timbers 03B Kagey,OYS Presidents Cup B03
Cascade FC Green B03,CASCADE FC B03 (WA),Bigfoot Silver U14
Cascade FC Green B03,Cascade FC B03,Crossfire Select U14 Silver
Cascade FC Green B03,Cascade FC B03,PSPL Classic 2 Blue U14
Cascade FC Green B03,Cascade FC B03,Seattle United Cup BU14 Silver
Cascade FC Green B03,Cascade FC B03,Spr PSPL Classic U14
Cascade FC White B04,Cascade FC B04 White,Island Cup BU13-14 Silver
CB United A B03,CB United FC B03 A,PSPL-Inland Copa 1 U14
CB United A B03,CB United FC B03 A,Spr PSPL-Inland Copa Classic U14
CB United A B03,CB UNITED FC B03 (WA),WA Cup Boys U14 Bronze U14
CB United B B03,CB United FC B03 B,PSPL-Inland Copa 2 U14
CB United B04,CB United FC B04,Spr PSPL-Inland Copa 1 U14
CCV Stars Black B03,CCV STARS 03 BOYS,FWRL Desert 2003 U14
CDA Slammers Black B03,CDA Slammers FC HB B03 Godinez Black,FWRL CAS B03
CDA Slammers Esparza B03,CDA Slammers FC B03 Esparza,FWRL CAS B03
CDA Slammers Vargas B03,CDA Slammers Vargas B03,Nomads Thanksgiving 1st Division U14
Celtic Academy B03,CELTIC ACADEMY,NHB Cup Flight 1
Central WA SA Navy B03,CENTRAL WASHINGTON SOUNDERB03 NAVY FREISZ,Central WA Super Cup Boys U14 Gold
Central WA SA Navy B03,CWSA B03 Navy Freisz,PSPL Classic 1 U14
Central WA SA Navy B03,CWSA B03 Navy Freisz,Spr PSPL Classic U14
Ceres Earthquake Warriors B03,CERES EARTHQUAKE FC WARRIORS JRS,NorCal NPL 03 NPL 1 East
CGA Academy SC Sounders B03,CGA ACADEMY SC SOUNDERS,Spr Idaho D3 U13/U14 Division 1
CGA Academy SC Sounders B03,CGA ACADEMY SC SOUNDERS (ID),ID State Cup Boys U14 U14
Chula Vista Premier FC B03,Chula Vista FC,Nomads Thanksgiving 1st Division U14
Coastal FC B03,Coastal FC 2003 Premier,Sounders FC Cup BU14 Gold
Coastal FC B03,COASTAL FC 03M (CANADA),SX Cup Boys U14 Premier - Tier 1 U14
Coastal FC Black B03,COASTAL FC 03M BLACK (CND),SX Cup Boys U14 Silver - Tier 4 U14
Coastal FC Gold B03,COASTAL F.C. COASTAL U13 GOLD (CND),SX Cup Boys U14 Silver - Tier 4 U14
Coquitlam Metro Ford AC Milan B03,CMFSC AC MILAN (CANADA),SX Cup Boys U14 Metro - Tier 2 U14
Coquitlam Metro Ford Ajax B03,CMFSC TEAM AJAX (CANADA),SX Cup Boys U14 Premier - Tier 1 U14
Crossfire Oregon Green I B03,Crossfire Oregon B03 Green I,Mt Hood Challenge U14 Gold
Crossfire Oregon Green I B03,CROSSFIRE OREGON CROSSFIRE OR 03 GREEN I (OR),Nike Crossfire Challenge Gold Group U14
Crossfire Oregon Green I B03,Crossfire Oregon 03B Green 1,PTT B03 Premier Green
Crossfire Oregon Green I B03,Crossfire Oregon 03B Green 1,Spr OYS B03 Premier Green
Crossfire Oregon Green I B03,Crossfire Oregon 03B Green 1,OYS State Cup B03
Crossfire Oregon Green II B03,CROSSFIRE OREGON CROSSFIRE OR U13 GREEN II (OR),Oswego Nike Cup Gold U14
Crossfire Oregon Green II B03,Crossfire Oregon 03B Green 2,OYS Presidents Cup B03
Crossfire Oregon Green II B03,Crossfire Oregon 03B Green 2,PTT B03 Division 1 Green
Crossfire Oregon Green II B03,CROSSFIRE OREGON CROSSFIRE OR U13 GREEN II (OR),REDAPT Cup Gold U14
Crossfire Oregon Green II B03,Crossfire Oregon 03B Green 2,Spr OYS B03 Premier White
Crossfire Premier A B03,CROSSFIRE PREMIER B03 A (WA),Nike Crossfire Challenge Super Group U14
Crossfire Premier A B03,"CROSSFIRE PREMIERCROSSFIRE PREMIER, B2003A",NWCL Boys 03
Crossfire Premier A B03,Crossfire Premier B03 A,RCL B03 Div 1
Crossfire Premier A B03,"CROSSFIRE PREMIER B03, BERNIE JAMES (WA)",Surf Cup Super Black U14
Crossfire Premier A B03,Crossfire Premier B03 A,Win RCL B03 Div 1
Crossfire Premier A B03,Crossfire Premier B03 A,WYS Championship B03
Crossfire Premier B B03,CROSSFIRE PREMIER B03 B (WA),Nike Crossfire Challenge Gold Group U14
Crossfire Premier B B03,Crossfire Premier B03 B,Rainier Challenge Copa U14
Crossfire Premier B B03,Crossfire Premier B03 B,RCL B03 Div 3
Crossfire Premier B B03,CROSSFIRE PREMIER B03 B (WA),REDAPT Cup Gold U14
Crossfire Premier B B03,Crossfire Premier B03 B,Win RCL B03 Div 2
Crossfire Premier B B03,Crossfire Premier B03 B,WYS Presidents Cup B03 Division 1
Crossfire Premier C B03,CROSSFIRE PREMIER CROSSFIRE 03 MERCADO (WA),Nike Crossfire Challenge Silver Group U14
Crossfire Premier C B03,Crossfire Premier B03 C,RCL B03 Div 4
Crossfire Premier C B03,CROSSFIRE PREMIER B03 MERCADO (WA),REDAPT Cup Gold U14
Crossfire Premier C B03,CROSSFIRE PREMIERCROSSFIRE 03 MERCADO,Snohomish United Invit Group A
Crossfire Premier C B03,CROSSFIRE PREMIER CROSSFIRE 03 MERCADO (WA),WA Rush Cup B03 Silver U14
Crossfire Premier C B03,Crossfire Premier 03 Mercado,PacNW Winter Classic Premier II U14
Crossfire Premier C B03,Crossfire Premier B03 C,Win RCL B03 Div 4
Crossfire Premier C B03,Crossfire Premier B03 C,WYS Presidents Cup B03 Division 2
Crossfire Premier D B03,Crossfire Premier B03 D,RCL B03 Div 5
Crossfire Premier D B03,CROSSFIRE PREMIER B03 D (WA),REDAPT Cup Silver U14
Crossfire Premier D B03,CROSSFIRE PREMIERCROSSFIRE PREMIER B03D,Snohomish United Invit Group A
Crossfire Premier D B03,Crossfire B03 D,PacNW Winter Classic Premier II U14
Crossfire Premier D B03,Crossfire Premier B03 D,Win RCL B03 Div 5
Crossfire Premier D B03,Crossfire Premier B03 D,WYS Presidents Cup B03 Division 2
Crossfire Select Allen B03,Crossfire Select B03 Allen,Cranberry Cup U14
Crossfire Select Allen B03,Crossfire Select B03 Allen,Crossfire Select U14 Gold
Crossfire Select Allen B03,Crossfire Select B03 Allen,NPSL Division 1 (03) U14
Crossfire Select Allen B03,Crossfire Select - B03-Allen,Xtreme Cup BU14 Gold
Crossfire Select Allen B03,CFS B03 - Gold - Allen,Founders Cup B03 Div A
Crossfire Select Brown B03,Crossfire Select B03 Brown,Crossfire Select U14 Silver
Crossfire Select Brown B03,Crossfire Select B03 Brown,NPSL Division 2 (03) U14
Crossfire Select Brown B03,CFS B03 - Silver - Brown,Founders Cup B03 Div A
Crossfire Select Zlatko B03,Crossfire Select B03 Zlatko,Crossfire Select U14 Gold
Crossfire Select Zlatko B03,Crossfire Select B03 Zlatko,Labor Day Cup BU14 Silver
Crossfire Select Zlatko B03,Crossfire Select B03 Zlatko,NPSL Division 1 (03) U14
Crossfire Select Zlatko B03,CFS B03 - Gold - Zlatko,Founders Cup B03 Div A
Crossfire Yakima A B03,CROSSFIRE YAKIMA U13 BOYS (WA),Nike Crossfire Challenge Super Group U14
Crossfire Yakima A B03,Crossfire Yakima - B03 A,RCL B03 Div 4
Crossfire Yakima A B03,Crossfire Yakima Borges 03,Xtreme Cup BU14 Gold
Crossfire Yakima A B03,Crossfire Yakima - B03 A,Win RCL B03 Div 3
Crossfire Yakima A B03,Crossfire Yakima - B03 A,WYS Presidents Cup B03 Division 2
Crossfire Yakima A B04,CROSSFIRECROSSFIRE YAKIMA B 04 SANCHEZ,Central WA Super Cup Boys U14 Gold
Crossfire Yakima B B03,Crossfire Yakima B03 B,KITG BU14 Green
Crossfire Yakima B B03,Crossfire Yakima - B03 B,RCL B03 Div 4
Crossfire Yakima B B03,Crossfire Yakima - B03 B,RCL B03 Div 5
Crossfire Yakima B B03,Crossfire Yakima - B03 B,Win RCL B03 Div 4
CSC Storm Navy B03,CSC 03B,Beaverton Cup BU14 Silver
CSC Storm Navy B03,CORVALLIS CSC 03B (OR),Bend Premier Cup Lucas Melano (Silver) Division U14
CSC Storm Navy B03,CSC 03B,Capital Cup BU14 Silver
CSC Storm Navy B03,Corvallis SC 03B,OYS Presidents Cup B03
CSC Storm Navy B03,Corvallis SC 03B,PTT B03 Division 1 Green
CSC Storm Navy B03,Corvallis SC 03B,Spr OYS B03 Division 1 Green
CUSC Red B03,CUSC 03B Red Iranshad,Beaverton Cup BU14 Silver
CUSC Red B03,CLACKAMAS UNITED CUSC 03B RED (OR),Bend Premier Cup Lucas Melano (Silver) Division U14
CUSC Red B03,CUSC 03B Red Iranshad,Clash At the Border Div 2 Gold/Silver/Bronze U14
CUSC Red B03,CUSC 03B Red Iranshad,PTT B03 Division 2 Green
CUSC Red B03,CUSC 03B Red Iranshad,OYS Founders Cup B03
CUSC Red B03,CUSC 03B Red Iranshad,Spr OYS B03 Division 2 Green
Davis Alliance Racing B03,DAVIS ALLIANCE RACING,FWRL CAN At Large U14
Davis Legacy Red B03,DAVIS LEGACY 03 RED,NorCal NPL 03 NPL 1 East
De Anza Force SC USSDA B02,DEANZA FORCE ACADEMY U14 ACADEMY (CAN),Surf Cup USSDA Black U14
Del Mar Sharks B03,DEL MAR SHARKS BARTON (CAS),Surf Cup Super Black U14
Del Mar Sharks B03,DEL MAR SHARKSDMCV SHARKS BARTON,NHB Cup Flight 1
Delta Coastal Selects B03,DELTA COASTAL SELECTS (CANADA),SX Cup Boys U14 Metro - Tier 2 U14
Diablo FC Academy B03,DIABLO FC 03 ACADEMY (CAN),Surf Cup Black U14
Diablo FC NPL B03,DIABLO FC 03B NPL,NorCal NPL 03 NPL 1 West
Dragons FC B03,Dragons FC B03,Spr PSPL SuperLeague 1 U14
Eagleclaw FA Golden Eagles B03,Eagleclaw Football Academy M03 Golden Eagles,PSPL Classic 2 Blue U14
Eastside FC Blue B03,Eastside FC B03 Blue,Eastside FC Cup BU14
Eastside FC Blue B03,Eastside FC B03 Blue,Rainier Challenge Copa U14
Eastside FC Blue B03,Eastside FC B03 Blue C,RCL B03 Div 4
Eastside FC Blue B03,Eastside FC B03 Blue,Seattle United Cup BU14 Gold
Eastside FC Blue B03,Eastside FC B03 Blue C,RCL B03 7v2
Eastside FC Blue B03,Eastside FC B03 Blue C,Win RCL B03 Div 4
Eastside FC Blue B03,Eastside FC B03 Blue C,WYS Presidents Cup B03 Division 2
Eastside FC Grey B03,Eastside FC B'03 Grey,Eastside FC Cup BU14
Eastside FC Grey B03,Eastside FC B03 Grey D,RCL B03 Div 5
Eastside FC Grey B03,Eastside FC B03 Grey,Seattle United Cup BU14 Gold
Eastside FC Grey B03,Eastside FC B03 Grey D,Win RCL B03 Div 5
Eastside FC Grey B03,Eastside FC B03 Grey D,WYS Presidents Cup B03 Division 2
Eastside FC Red B03,Eastside FC B03 Red A,FWRL B03
Eastside FC Red B03,EASTSIDE FC 03 RED (WA),Nike Crossfire Challenge Super Group U14
Eastside FC Red B03,Eastside FC B03 Red A,RCL B03 Div 1
Eastside FC Red B03,EASTSIDE FC 03 RED (WA),Surf Cup Super Black U14
Eastside FC Red B03,Eastside FC 03 Red,US Club Regionals 2003
Eastside FC Red B03,Eastside FC B03 Red A,Win RCL B03 Div 1
Eastside FC Red B03,Eastside FC B03 Red A,WYS Championship B03
Eastside FC White B03,Eastside FC B03 White,Eastside FC Cup BU14
Eastside FC White B03,Eastside FC B03 White,Labor Day Cup BU14 Gold
Eastside FC White B03,EASTSIDE FC B03 WHITE (WA),Nike Crossfire Challenge Silver Group U14
Eastside FC White B03,EFC B03 White,Rainier Challenge Copa U14
Eastside FC White B03,Eastside FC B03 White B,RCL B03 Div 2
Eastside FC White B03,EFC B03 White,PacNW Winter Classic Premier II U14
Eastside FC White B03,Eastside FC B03 White B,Win RCL B03 Div 2
Eastside FC White B03,Eastside FC B03 White B,WYS Presidents Cup B03 Division 1
Eastside Timbers Black B03,ET Black [B03],Beaverton Cup BU14 Silver
Eastside Timbers Black B03,Eastside Timbers 03B Black,PTT B03 Premier White
Eastside Timbers Black B03,Eastside Timbers 03B Black,Spr OYS B03 Premier White
Eastside Timbers Black B03,Eastside Timbers 03B Black,OYS State Cup B03
Eastside Timbers Red B03,ET 03B Red,Beaverton Cup BU14 Gold
Eastside Timbers Red B03,EastSide Timbers 03B Red,FWRL B03
Eastside Timbers Red B03,EastSide Timbers 03B Red FWRL,FWRL B03
Eastside Timbers Red B03,EASTSIDE TIMBERS U14 RED 03 (OR),Oswego Nike Cup Gold U14
Eastside Timbers Red B03,EastSide Timbers 03B Red,PTT B03 Premier Green
Eastside Timbers Red B03,EastSide Timbers 03B Red FWRL,PTT B03 Premier Green
Eastside Timbers Red B03,EastSide Timbers 03B Red FWRL,Spr OYS B03 Premier Green
Eastside Timbers Red B03,EastSide Timbers 03B Red FWRL,OYS State Cup B03
Eastside Timbers White B03,ET 03B White,Beaverton Cup BU14 Silver
Eastside Timbers White B03,Eastside Timbers 03B White,Chinook Cup Silver U14
Eastside Timbers White B03,Eastside Timbers 03B White,OYS Presidents Cup B03
Eastside Timbers White B03,Eastside Timbers 03B White,PTT B03 Division 2 Green
Eastside Timbers White B03,Eastside Timbers 03B White,Spr OYS B03 Division 1 White
Eclipse Fairbanks B03,ECLIPSE FAIRBANKS ALASKA ECLIPSE 04 BOYS (AK),Oswego Nike Cup Silver U14
El Camino Real United B03,EL CAMINO REAL UNITED 03,FWRL CAN CRL U14
Emerald City FC Blue B03,Emerald City FC M03 Blue,Spr PSPL Copa U14
Emerald City FC Green B03,Emerald City FC M03 Green,Labor Day Cup BU14 Gold
Emerald City FC Green B03,Emerald City FC M03 Green,PSPL WSPL 2 U14
Emerald City FC Green B03,ECFC M03 Green,US Club Regionals 2003
Emerald City FC Green B03,Emerald City FC M03 Green,Spr PSPL SuperLeague 2 U14
Emerald City FC Green B03,EMERALD CITY FC ECFC M03 GREEN (WA),WA Cup Boys U14 Silver U14
Emerald City FC White B03,Emerald City FC M03 White,PSPL Classic 2 Red U14
Emerald City FC White B03,Emerald City M03 White,Xtreme Cup BU14 Silver
Emerald City FC White B03,Emerald City FC M03 White,Spr PSPL Classic U14
Emerald City FC White B03,EMERALD CITY FC ECFC M03 WHITE (WA),WA Cup Boys U14 Bronze U14
ETFC Ajax Black B03,ETFC 03B Ajax Black,Beaverton Cup BU14 Gold
ETFC Ajax Black B03,ETFC 03B Ajax Black,PTT B03 Premier White
ETFC Ajax Black B03,ETFC 03B Ajax Black,Spr OYS B03 Premier White
ETFC Ajax Black B03,ETFC 03B Ajax Black,OYS State Cup B03
ETFC Ajax Red B03,ETFC 03B Ajax Red,Mt Hood Challenge U14 Bronze
ETFC Ajax Red B03,ETFC 03B Ajax Red,OYS Presidents Cup B03
ETFC Ajax Red B03,ETFC 03B Ajax Red,PTT B03 Division 2 Green
ETFC Ajax Red B03,ETFC 03B Ajax Red,Spr OYS B03 Division 2 White
FC Academicos B03,FC Academicos B2003,Mt Hood Challenge U14 Silver
FC Alianza B03,FC ALIANZA (ID),GEM State Challenge U14 Boys U14
FC Alianza B03,FC ALIANZA,Idaho D3 Division 2 East U14
FC Alianza B03,FC ALIANZA,Spr Idaho D3 U14 Boys Division 2
FC Alianza B03,FC ALIANZA 2003 BOYS,Performance Cup U14 Boys Gold
FC Alianza B03,FC ALIANZA (ID),ID Directors Cup U14B Silver West U14
FC Bellevue B04,Bellevue FC B04,Blast Off B2003-04 C
FC Bend Hawks B03,FC BEND HAWKS (OR),Bend Premier Cup Timbers Bronze Group (U13/U14) U14
FC Edmonds Velocity B03,FC Edmonds Velocity,PSPL Classic 1 U14
FC Edmonds Velocity B03,FC EDMONDS VELOCITY (WA),REDAPT Cup Silver U14
FC Edmonds Velocity B03,FC Edmonds Velocity,Skagit Firecracker Silver U14
FC Edmonds Velocity B03,FC Edmonds Velocity,Sounders FC Cup BU14 Silver
FC Edmonds Velocity B03,FC Edmonds Velocity,Spr PSPL Copa U14
FC Edmonds Velocity B03,FC EDMONDS VELOCITY B03 (WA),WA Cup Boys U14 Bronze U14
FC Golden State Gold B03,FC GOLDEN STATEFC GOLDEN STATE (GOLD),NHB Cup Flight 1
FC Hawaii B03,FC Hawaii,Sounders FC Cup BU14 Silver
FC Heat B03,FC HEAT BU2003,LV Thanksgiving Classic LVTC U14 Boys Gold
FC Idaho B02,FC IDAHO JA,Yellowstone Cup Gold
FC Malverde B03,F.C. MALVERDE 03F.C. MALVERDE.,LV Thanksgiving Classic LVTC U14 Boys Silver Elite
FC Nova Gold B03,FC NOVA GOLD 03,FC Nova Fall Showcase U14 Boys
FC Nova Gold B03,FC NOVA GOLD 03,NWCL Boys 03
FC Nova Gold B03,FC NOVA GOLD 03,Spr Idaho D3 U13/U14 Division 1
FC Nova Gold B03,FC NOVA GOLD 03,Performance Cup U14 Boys Gold
FC Nova Gold B03,FC NOVA GOLD 03 (ID),ID State Cup Boys U14 U14
FC Nova Gold B04,FC NOVA GOLD 04,FC Nova Fall Showcase U14 Boys
FC Nova Gold B04,FC NOVA GOLD 04,Spr Idaho D3 U13/U14 Division 1
FC Portland Navy B03,FC Portland 03B Navy,Mt Hood Challenge U14 Premier
FC Portland Navy B03,FC PORTLAND 2003 BOYS NAVY (OR),Nike Crossfire Challenge Super Group U14
FC Portland Navy B03,FC PORTLANDB2003 NAVY,NWCL Boys 03
FC Portland Navy B03,FC PORTLAND B2003 NAVY (OR),Oswego Nike Cup Gold U14
FC Portland Navy B03,FC Portland 03B NAVY,PTT B03 Premier Green
FC Portland Navy B03,FC Portland 03B NAVY,Spr OYS B03 Premier Green
FC Portland Navy B03,FC Portland 03B NAVY,OYS State Cup B03
FC Portland Red B03,FC PORTLAND B2003 RED (OR),Oswego Nike Cup Silver U14
FC Portland Red B03,FC Portland 03B RED,OYS Presidents Cup B03
FC Portland Red B03,FC Portland 03B RED,PTT B03 Division 1 White
FC Portland Red B03,FC Portland 03B RED,Spr OYS B03 Division 2 Green
FC Portland White B03,FC Portland 03B White,Mt Hood Challenge U14 Gold
FC Portland White B03,FC PORTLAND 2003 WHITE (OR),Nike Crossfire Challenge Gold Group U14
FC Portland White B03,FC PORTLAND B2003 WHITE (OR),Oswego Nike Cup Silver U14
FC Portland White B03,FC Portland 03B WHITE,PTT B03 Premier White
FC Portland White B03,FC Portland 03B WHITE,Spr OYS B03 Premier White
FC Portland White B03,FC Portland 03B WHITE,OYS State Cup B03
FC Spokane Black Sossaman B03,FC SPOKANE B03 BLACK - SOSSAMAN,IPL East U14
FC Spokane Black Sossaman B03,FC SPOKANE B03/04 SOSSAMAN (WA),River City Challenge Boys U14 (2003) U14
FC Spokane Black Sossaman B03,FC SPOKANE B03 BLACK - SOSSAMAN,Spr IPL East U14
FC Spokane Black Zettle B03,FC SPOKANE B03 BLACK - KENNEDY/ZETTLE,IPL East U14
FC Spokane Black Zettle B03,FC SPOKANE B03 FC SPOKANE WHITE (WA),River City Challenge Boys U14 (2003) U14
FC Spokane Black Zettle B03,FC SPOKANE B03 BLACK - KENNEDY/ZETTLE,Spr IPL East U14
FC Valencia Swap B03,FC VALENCIASWAP SOCCER WITH A PURPOSE,NHB Cup Flight 1
FC Valencia Swap B03,SWAP Soccer With A Purpose,Nomads Thanksgiving 1st Division U14
FC West B03,FC West 03B,Spr OYS B03 Division 1 Green
FC West Mercury B03,FCW U14 Red,Beaverton Cup BU14 Silver
FC West Mercury B03,FC West Mercury,Mt Hood Challenge U14 Silver
FC West Mercury B03,FC West 03B,OYS Presidents Cup B03
FC West Mercury B03,FC West 03B,PTT B03 Division 1 White
Fenix FC B03,Fenix U14,Labor Day Cup BU14 Silver
Fenix FC B03,Fenix U14,Starfire Spring Classic BU14
Flathead Force Green B03,FLATHEAD FORCE2002-2004 BOYS GREEN,Pend Orielle Cup Boys U14/15 Gold
Flathead Force Green B03,FLATHEAD FORCE GREEN 2003B-PR,Performance Cup U14 Boys Gold
Flathead Rapids Black B03,FLATHEAD RAPIDSBLACK 14B-SE,Pend Orielle Cup U14/15 Silver
FME Xtreme B03,FME Xtreme 03,KITG BU14 Green
FME Xtreme B03,FME Xtreme B03,NPSL Division 3 (03) U14
Foothills SC Celtic Green B03,FSC Celtics 03B,Chinook Cup Silver U14
Foothills SC Celtic White B03,FSC 03B Celtics White,PTT B03 Division 2 White
Foothills SC Celtic White B03,FSC 03B Celtics White,OYS Founders Cup B03
Foothills SC Celtic White B03,FSC 03B Celtics White,Spr OYS B03 Division 2 White
Force North NPL B03,FORCE NORTH 03B NPL (CAN),Surf Cup Super Black U14
Force North NPL B03,FORCE NORTH 03B NPL,NorCal NPL 03 NPL 1 West
Force South III B03,FORCE SOUTH 03B III,LV Thanksgiving Classic LVTC U14 Boys Silver Elite
Force South NPL B03,FORCE SOUTH 03B NPL,NorCal NPL 03 NPL 1 West
Fort Lowell Rayados Blue B03,FORT LOWELL TM '03 RAYADOS AZ BLUE,FWRL Desert 2003 U14
Forza FC West B03,Forza West LS B03,Mt Hood Challenge U14 Premier
Forza FC West B03,Forza West LS 03,Nomads Thanksgiving 1st Division U14
FPSC Fury Black B03,FPSC FURY B03 BLACK,Central WA Super Cup Boys U14 Gold
FPSC Fury Black B03,FPSC FURY B03 BLACK (WA),Nike Crossfire Challenge Gold Group U14
FPSC Fury Black B03,FPSC Fury B03 Black,PSPL WSPL 1 U14
FPSC Fury Black B03,FPSC Fury B03 Black,Rainier Challenge Samba U14
FPSC Fury Black B03,FPSC Fury B03 Black,Spr PSPL SuperLeague 2 U14
FPSC Fury Black B03,FPSC FURY B03 BLACK (WA),WA Cup Boys U14 Silver U14
FPSC Mighty Dragons B03,Mighty Dragons BU14,KITG BU14 Red
FRAM Premier B03,FRAM B03-Britton,FWRL CAS B03
Fraser Valley Selects B03,Fraser Valley Premier 2003B,Labor Day Cup BU14 Gold
Fraser Valley Selects B03,FRASER VALLEY PREMIER (CND),Nike Crossfire Challenge Super Group U14
Fraser Valley Selects B03,Fraser Valley Premier U13,Seattle United Cup BU14 Gold
Fraser Valley Selects B03,FV SELECTS (CANADA),SX Cup Boys U14 Metro - Tier 2 U14
Fremont Colts Green B03,FREMONT COLTS FC FREMONT COLTS 03 GREEN,FWRL CAN CRL U14
Fuerza FC Academy B03,FUERZA FC ACADEMY B2003 (WA),Bigfoot Silver B U14
Fuerza FC Academy B03,Fuerza FC Academy B03/04,PSPL Copa U14
Fuerza FC Academy B03,FUERZA FC ACADEMY BU14 (WA),WA Cup Boys U14 Bronze U14
Fusion FC B03,FUSION FC 2003 BOYS (CND),SX Cup Boys U14 Premier - Tier 1 U14
FWFC Blue B03,FWFC B03 Blue,Mt Hood Challenge U14 Premier
FWFC Blue B03,Federal Way FC B03 Blue,Rainier Challenge Samba U14
FWFC Blue B03,FWFC B03 Blue (A),RCL B03 Div 3
FWFC Blue B03,FEDERAL WAY FOOTBALL FWFC B03 BLUE A (WA),REDAPT Cup Silver U14
FWFC Blue B03,FWFC B03 Blue (A),Win RCL B03 Div 3
FWFC Blue B03,FWFC B03 Blue (A),WYS Presidents Cup B03 Division 1
FWFC Select B04,FWFC B04 Select,Blast Off B2003-04 C
FWFC White B03,FWFC B03 White,Blast Off B2003 B
FWFC White B03,FWFC B03 White,Eastside FC Cup BU14
FWFC White B03,FWFC B03 White (B),RCL B03 Div 5
FWFC White B03,FWFC B03 White,Xtreme Cup BU14 Gold
FWFC White B03,FWFC B03 White (B),Win RCL B03 Div 5
FWFC White B03,FWFC B03 White (B),WYS Presidents Cup B03 Division 2
GHYSA Real Pacific Jr B03,Real Pacific Jr. (Puga Rosa),Cowlitz Kickoff BU13-14
GHYSA Real Pacific Jr B03,Real Pacific Juniors,KITG BU14 Red
GHYSA Real Pacific Jr B03,GH B03 Real Pacific Juniors,NPSL Division 3 (03) U14
GHYSA Real Pacific Jr B03,GH B03 Real Pacific Juniors,Spr NPSL (03) Division 2 (South) U14
Global Premier Soccer Bayern B03,GLOBAL PREMIER FC BAYERN NATIONAL TEAM (MA),Surf Cup Super Black U14
Gorge Alma Libre B03,GORGE ALMA LIBRE (CANADA),SX Cup Boys U14 Metro - Tier 2 U14
GPS Newberg B03,HSC 03B Newberg GPSO,PTT B03 Division 2 White
GPS Newberg B03,HSC 03B Newberg GPSO,Spr OYS B03 Division 2 White
GPS Oregon B03,"GPS Oregon, Swan",Chinook Cup Silver U14
GPS Oregon B03,HSC 03B GPSO,OYS Presidents Cup B03
GPS Oregon B03,HSC 03B GPSO,PTT B03 Division 1 White
GPS Oregon B03,HSC 03B GPSO,Spr OYS B03 Premier White
GPYSC Rebels Young Rebels B03,GPYSC Rebels BU14,Mt Hood Challenge U14 Silver
GS Surf A B03,GS Surf B03 A,FWRL B03
GS Surf A B03,GREATER SEATTLE SURF GS SURF B 03 A (WA),Nike Crossfire Challenge Super Group U14
GS Surf A B03,GS Surf B03 A,RCL B03 Div 1
GS Surf A B03,GREATER SEATTLE SURF 03 A (WA),Surf Cup Super Black U14
GS Surf A B03,GS Surf B03 A,Win RCL B03 Div 1
GS Surf A B03,GS Surf B03 A,WYS Championship B03
GS Surf B B03,GREATER SEATTLE SURF SC GS SURF B03 B (WA),Nike Crossfire Challenge Gold Group U14
GS Surf B B03,GS Surf B03 B,RCL B03 Div 2
GS Surf B B03,GREATER SEATTLE SURF WHITE (WA),Surf Cup Black U14
GS Surf B B03,GS Surf B03 B,Win RCL B03 Div 2
GS Surf B B03,GS Surf B03 B,WYS Presidents Cup B03 Division 1
GS Surf C B03,39 GS Surf B03 C,Baker Blast U14
GS Surf C B03,GREATER SEATTLE SURF GS SURF B03 C (WA),Bigfoot Silver U14
GS Surf C B03,GS Surf B03 C,RCL B03 Div 3
GS Surf C B03,GS Surf B 03 C,Sounders FC Cup BU14 Gold
GS Surf C B03,GS Surf B03 C,Win RCL B03 Div 3
GS Surf C B03,GS Surf B03 C,WYS Presidents Cup B03 Division 2
GS Surf D B03,GS SURF SC B03 D (WA),Bigfoot Silver B U14
GS Surf D B03,GS Surf B03 D,RCL B03 Div 5
GS Surf D B03,GS SURF SC B03 D,Snohomish United Invit Group A
GS Surf D B03,GS Surf B03 D,Sounders FC Cup BU14 Bronze
GS Surf D B03,GS SURF SC B03 D (WA),WA Rush Cup B03 Silver U14
GS Surf D B03,GS Surf B03 D,Win RCL B03 Div 5
GS Surf D B03,GS Surf B03 D,WYS Presidents Cup B03 Division 2
Guadalajara Scorpions B03,GUADALAJARA SOCCER SCORPIONS '03,FWRL Desert 2003 U14
Guildford B03,GAC GUILDFORD FC (CANADA),SX Cup Boys U14 Gold - Tier 3 U14
Harbor Premier Green B03,Harbor Premier B03 Green A,RCL B03 Div 3
Harbor Premier Green B03,Harbor Premier B03 Green,Tyee Cup B03 Gold
Harbor Premier Green B03,Harbor Premier B03 Green A,Win RCL B03 Div 3
Harbor Premier Green B03,Harbor Premier B03 Green A,WYS Presidents Cup B03 Division 2
Harbor Premier White B03,Harbor Premier B03 White,Dungeness Cup BU14 Olympic
Harbor Premier White B03,Harbor Premier B03 White B,RCL B03 Div 5
Harbor Premier White B03,Harbor Premier B03 White,Seattle United Cup BU14 Gold
Harbor Premier White B03,Harbor Premier B03 White,Tyee Cup B03 Gold
Harbor Premier White B03,Harbor Premier B03 White B,Win RCL B03 Div 5
Harbor Premier White B03,Harbor Premier B03 White B,WYS Presidents Cup B03 Division 2
Hawks SC B03,Hawks Soccer Club Boys 03,PSPL-Inland Copa 1 U14
Hawks SC B03,Hawks Soccer Club Boys 03,Spr PSPL-Inland Copa 1 U14
Heat FC CR B03,HEAT FC 03 CR (NV),Surf Cup Black U14
Heat FC ET B04,HEAT FC 04 ET (NV),LV Mayors Fall Classic U-14 Boys U14
Heat FC NPL B03,HEAT FC 03 NPL,FWRL Desert 2003 U14
Heat FC NPL B03,HEAT FC 03 NPL (NV),LV Mayors Fall Classic U-14 Boys U14
Heritage SC B03,HERITAGE SC 03 BOYS,NorCal NPL 03 NPL 1 West
Highline Premier Heat Blue B03,HIGHLINE PREMIER FOOTBALL HEAT 03/04 (WA),Bigfoot Silver B U14
Highline Premier Heat Blue B03,HPFC Heat B03,Mt Hood Challenge U14 Silver
Highline Premier Heat Blue B03,HIGHLINE PREMIER HEAT B03 / 04 (WA),Nike Crossfire Challenge Silver Group U14
Highline Premier Heat Blue B03,Highline Premier FC Heat 03/04 Blue,PSPL Classic 2 Blue U14
Highline Premier Heat Blue B03,Highline Premier FC Heat 03/04 Blue,Spr PSPL Copa U14
Highline Premier Heat Blue B03,HIGHLINE PREMIER FOOTBALL HEAT 03/04 (WA),WA Cup Boys U14 Bronze U14
Highline SA B03,HSA Select B03  Gass,NPSL Division 2 (03) U14
Highline SA B03,HSA Select B03 - Gass,Founders Cup B03 Div A
Highline Select Blue B03,HSA Select Blue 03,Eastside FC Cup BU14
Highline Select Blue B03,HSA Select Blue 03,Sounders FC Cup BU14 Bronze
HSC - Unk B03,Hillsboro Soccer Club - 03B,Clash At the Border Div 2 Gold/Silver/Bronze U14
HSC Bayern B03,Hillsboro B03 Bayern,Blast Off B2003 B
HSC Bayern B03,HILLSBOROU14B BAYERN,PCU Summer Classic U14 Boys Silver
HSC Bayern B03,HSC 03B Bayern,PTT B03 Division 2 White
HSC Bayern B03,HSC 03B Bayern,Spr OYS B03 Division 1 White
HSC Olimpo B04,HSC CLUP OLIMPO (OR),Bend Premier Cup Timbers Bronze Group (U13/U14) U14
HSC Velez B03,HSC B03 Velez,Mt Hood Challenge U14 Gold
HSC Velez B03,HILLSBORO HSC VELEZ (OR),Nike Crossfire Challenge Silver Group U14
HSC Velez B03,HSC 03B Velez,OYS Presidents Cup B03
HSC Velez B03,HSC 03B Velez,PTT B03 Division 1 Green
HSC Velez B03,HSC 03B Velez,Spr OYS B03 Division 1 Green
IDA-ORE FC Tigers Ontario B03,IDA-ORE FC TIGERS ONTARIO,Spr Idaho D3 U14 Boys Division 2
IDA-ORE FC Tigers Ontario B03,IDA-ORE FC TIGERS ONTARIO (ID),Canyon Rim Classic U14 B U14
IDA-ORE FC Tigers Ontario B03,IDA-ORE FC TIGERS ONTARIO (ID),ID Directors Cup U13/U14 Gold U14
Idaho Arsenal United B03,ARSENAL UNITED SWAT (ID),GEM State Challenge U14 Boys U14
Idaho Arsenal United B03,ARSENAL UNITED SWAT,Idaho D3 Division 2 East U14
Idaho Arsenal United B03,ARSENAL UNITED SWAT,Spr Idaho D3 U14 Boys Division 2
Idaho Arsenal United B03,ARSENAL UNITED SWAT (ID),ID Directors Cup U14 Boys Silver U14
Idaho Rush Azul B03,IDAHO RUSH AZUL (2003) (ID),GEM State Challenge U14 Boys U14
Idaho Rush Azul B03,IDAHO RUSH AZUL (2003),Idaho D3 Division 2 East U14
Idaho Rush Azul B03,IDAHO RUSH AZUL (2003),Spr Idaho D3 U14 Boys Division 2
Idaho Rush Nero B03,IDAHO RUSH NERO (2003) (ID),GEM State Challenge U14 Boys U14
Idaho Rush Nero B03,IDAHO RUSH NERO (2003),Spr Idaho D3 U13/U14 Division 1
Idaho Rush Nero B03,IDAHO RUSH NERO (2003) (ID),ID Directors Cup U14B Silver West U14
Idaho Rush Nero B04,IDAHO RUSH NERO (2004) (U13) (ID),ID Directors Cup U14 Boys Silver U14
Idaho Rush Premier B03,IDAHO RUSHIDAHO RUSH PREMIER (2003),NWCL Boys 03
Idaho Rush Premier B03,IDAHO RUSH PREMIER (2003),Spr Idaho D3 U13/U14 Division 1
Idaho Rush Premier B03,IDAHO RUSH PREMIER (2003) (ID),ID State Cup Boys U14 U14
Idaho Rush Premier B04,IDAHO RUSH PREMIER (2004),Spr Idaho D3 U13/U14 Division 1
Idaho Rush Strikers B03,IDAHO RUSH STRIKERS (U13) (ID),ID Directors Cup U14 Boys Silver U14
Idaho Rush Wildfires B03,IDAHO RUSH WILDFIRES (ID),ID Directors Cup U14 Boys Silver U14
Idaho Storm Rage B03,IDAHO STORM RAGE,Spr Idaho D3 U14 Boys Division 2
IEYSA Storm B03,IEYSA Storm B03 Colin,PSPL-Inland Copa 2 U14
IEYSA Storm B03,CHENEY STORM 03 BOYS (USA),River City Challenge Boys U14 (2003) U14
IEYSA Storm B03,IEYSA Storm B03 Colin,Spr PSPL-Inland Copa Classic U14
IEYSA Valor Maroon B03,SPOKANE VALOR 03/04 HEISER (WA),Les Schwab NW Cup U14 Boys U14
IEYSA Valor Maroon B03,IEYSA Valor SC B03 Maroon Heiser,PSPL-Inland Copa 1 U14
IEYSA Valor Maroon B03,IEYSA Valor SC B03 Maroon Heiser,Spr PSPL-Inland Copa Classic U14
Impact FC Black B03,CSC Impact B03 Black,Crossfire Select U14 Bronze
Impact FC Black B03,CSC Impact 03 Black,PSPL Copa U14
Impact FC Black B03,Cascade FC Impact Black,Sky River BU14
Impact FC Black B03,CSC Impact '03 Black,Xtreme Cup BU14 Silver
Impact FC Black B03,CSC Impact 03 Black,Spr PSPL Copa U14
Impact FC Black B03,CSC IMPACT 03 (WA),WA Cup Boys U14 Bronze U14
Impact FC White B04,Impact FC B04 White,Blast Off B2003-04 C
Irish Black Hawks B03,IRISH BLACK HAWKS (WA),Bigfoot Silver B U14
ISC Gunners A B03,ISC Gunners B03A,Clash At the Border Division 1 U14
ISC Gunners A B03,ISC GUNNERS FCISC GUNNERS B03 A,Gunners Invitational Boys 2003 Gold
ISC Gunners A B03,ISC GUNNERS FC ISC GUNNERS B03 A (WA),Nike Crossfire Challenge Gold Group U14
ISC Gunners A B03,ISC Gunners B03A,PSPL WSPL 1 U14
ISC Gunners A B03,ISC Gunners B03A,US Club Regionals 2003
ISC Gunners A B03,ISC GUNNERS FC ISC GUNNERS B03 A (WA),WA Rush Cup B03 Gold U14
ISC Gunners A B03,ISC Gunners B03A,PacNW Winter Classic Premier U14
ISC Gunners A B03,ISC Gunners B03A,Spr PSPL SuperLeague 1 U14
ISC Gunners A B03,ISC GUNNERS FC ISC GUNNERS B03 A (WA),WA Cup Boys U14 Gold U14
ISC Gunners A Blue B04,ISC GUNNERS FCGUNNERS B04 A BLUE,Gunners Invitational Boys 2003 Gold
ISC Gunners A Blue B04,ISC Gunners B04A Blue,Spr PSPL SuperLeague 1 U14
ISC Gunners B B03,ISC GUNNERS FCISC GUNNERS B03 B,Gunners Invitational Boys 2003 Gold
ISC Gunners B B03,ISC Gunners B03B,Labor Day Cup BU14 Silver
ISC Gunners B B03,ISC Gunners B03B,PSPL Classic 2 Red U14
ISC Gunners B B03,ISC Gunners B03B,Sounders FC Cup BU14 Silver
ISC Gunners B B03,ISC Gunners B03B,Xtreme Cup BU14 Silver
ISC Gunners B B03,ISC Gunners B03B,Spr PSPL Classic U14
ISC Gunners B B03,ISC GUNNERS FC ISC GUNNERS B03 B (WA),WA Cup Boys U14 Silver U14
ISC Gunners Select B03,ISC Gunners B03 Select,Crossfire Select U14 Bronze
ISC Gunners Select B03,ISC GUNNERS FCISC GUNNERS B03 SELECT,Gunners Invitational Boys 2003 Gold
ISC Gunners Select B03,ISC Gunners B03 Select,PSPL Copa U14
ISC Gunners Select B03,ISC Gunners B03 Select,Spr PSPL Copa U14
Jackson Hole United B03,JACKSON HOLEUNITEDB2003,FC Nova Fall Showcase U14 Boys
Jackson Hole United B03,JACKSON HOLE YS JHUNITEDB2003 (WY),GEM State Challenge U14 Boys U14
Jackson Hole United B03,JHUNITED B2003,Performance Cup U14 Boys Gold
Jackson Hole United B03,JACKSON HOLE YS JHUNITEDB2003 (WY),Canyon Rim Classic U14 B U14
Juneau Impact B04,JUNEAU JSC IMPACT B 04 (AK),Bend Premier Cup Timbers Bronze Group (U13/U14) U14
Juneau Impact B04,JSC Impact,Mt Hood Challenge U14 Bronze
Juventus SC Pre-Academy B03,JUVENTUS SC 03B PRE-ACADEMY (CAN),Surf Cup Black U14
Kamloops Blaze Blue B03,KAMLOOPS BLAZE U14BLUE (CANADA),SX Cup Boys U14 Gold - Tier 3 U14
Kent City Black B03,Kent City FC B03 Black,Blast Off B2003 B
Kent City Black B03,Kent City FC B03 Black,PSPL Copa U14
Kent City Black B03,Kent City FC B03 Black,Spr PSPL Classic U14
Kent City White B04,Kent City FC B04 White,Blast Off B2003-04 B
Kent United Gonzalez B03,Kent United B03 Gonzalez,Labor Day Cup BU14 Gold
Kent United Gonzalez B03,Kent United Gonzalez B03,Mt Hood Challenge U14 Silver
Kent United Gonzalez B03,Kent United B03 Gonzalez,PSPL WSPL 2 U14
Kent United Gonzalez B03,Kent United B03 Gonzalez,US Club Regionals 2003
Kent United Gonzalez B03,Kent United B03 Gonzalez,Spr PSPL SuperLeague 2 U14
Kent United Green B03,KENT UNITED B03 GREEN (WA),Nike Crossfire Challenge Silver Group U14
Kent United Green B03,Kent United B03 Green,NPSL Division 1 (03) U14
Kent United Green B03,Kent United B03 Green,Rainier Challenge Copa U14
Kent United Green B03,KENT UNITED B03 GREEN (WA),WA Rush Cup B03 Silver U14
Kent United Green B03,Kent United B03 Green,Founders Cup B03 Div A
Kent United Green B03,Kent United B03 Green,Win RCL B03 Div 5
Kent United Green B03,Kent United B03 Green,WYS Presidents Cup B03 Division 2
Kent United White B03,Kent United B03 White,NPSL Division 2 (03) U14
Kent United White B03,Kent United B03 White,Sounders FC Cup BU14 Silver
Kent United White B03,Kent United B03 White,Xtreme Cup BU14 Gold
Kent United White B03,KU B03 White - BU14,Founders Cup B03 Div A
Kent United White B03,Kent United KU B03 White,Spr NPSL (03) Division 1 U14
Kent United White B03,KU B03 White - BU14,WYS Presidents Cup B03 Division 2
Kent United White B03,KYSA KENT UNITED KENT UNITED B03 GONZALEZ (WA),WA Cup Boys U14 Silver U14
Kitsap Alliance FC Red B03,Kitsap Alliance FC Boys 03,Dungeness Cup BU14 Olympic
Kitsap Alliance FC Red B03,Kitsap Alliance B03,Labor Day Cup BU14 Gold
Kitsap Alliance FC Red B03,Kitsap Alliance FC B03 A,RCL B03 Div 4
Kitsap Alliance FC Red B03,Kitsap Alliance FC B03 A,RCL B03 Div 5
Kitsap Alliance FC Red B03,Kitsap Alliance FC B03 A,Win RCL B03 Div 5
Kitsap Alliance FC Red B03,Kitsap Alliance FC B03 A,WYS Presidents Cup B03 Division 2
Kitsap Alliance FC White B03,Kitsap alliance B03,River Jam Samba U14
LA Galaxy San Diego Elite B03,LAGSD B03 Elite-Ritchie,FWRL CAS B03
LA Galaxy South Bay Elite B03,LAGSB 2003 Elite,FWRL CAS B03
La Roca Futbol Club Premier DC B03,LA ROCA FC LA ROCA S-CS,FWRL Desert 2003 U14
La Roca Futbol Club Premier DC B03,LA ROCA FC LA ROCA PREMIER '03-DC,FWRL Desert 2003 U14
Lake Hills Lightning B03,LAKE HILLS SELECT LIGHTNING (WA),Bigfoot Silver U14
Lake Hills Lightning B03,Lake Hills Lightning B03,NPSL Division 2 (03) U14
Lake Stevens Scorpions B03,LAKE STEVENS SCORPIONS B03 (WA),Bigfoot Silver B U14
Las Vegas Sports Academy Red B99,LVSA '03 BOYS RED,FWRL Desert 2003 U14
Las Vegas Sports Academy Red B99,LVSA '03 BOYS RED,LV Thanksgiving Classic LVTC U14 Boys Gold
Las Vegas Sports Academy Silver B03,LVSA '03 BOYS SILVER (NV),Surf Cup Super Black U14
LASC Guerreros B03,LASC Guerreros 03,Mt Hood Challenge U14 Premier
LASC Guerreros B03,LASC Guerreros,Starfire Spring Classic BU14
LASC IFC Champions FC B03,LASC Champions,Beaverton Cup BU14 Silver
LASC IFC Champions FC B03,LA AMISTAD LASC CHAMPIONS FC (OR),Bend Premier Cup Lucas Melano (Silver) Division U14
LASC IFC Champions FC B03,IFC 03B Champions,PTT B03 Division 1 Green
LASC IFC Champions FC B03,IFC 03B Champions,Spr OYS B03 Premier White
LASC IFC Champions FC B03,IFC 03B Champions,OYS Presidents Cup B03
LASC IFC Coras B03,LASC Coras 03,Capital Cup BU14 Gold
LASC IFC Coras B03,INTERNATIONAL FC CORAS,Chinook Cup Gold U14
LASC IFC Coras B03,IFC 03B Coras,PTT B03 Premier White
LASC IFC Coras B03,IFC 03B Coras,Spr OYS B03 Premier Green
LASC IFC Coras B03,IFC 03B Coras,OYS State Cup B03
Laulima Pulse B03,LAULIMA PULSE 03B (HI),Nike Crossfire Challenge Silver Group U14
LCYSA Osprey B02,LCYSA 02B Osprey,PTT B03 Division 2 White
LCYSA Osprey B03,Osprey (Boisvert),Cowlitz Kickoff BU13-14
LCYSA Osprey B03,LCYSA 03B Osprey,PTT B03 Division 2 White
Leavenworth Rapids B04,LSC 04 Rapids,Wenatchee Apple Cup BU13-14 Gold
Leavenworth Storm B03,(Ind.) Leavenworth Storm Bard 03,Spr PSPL-Inland Copa 1 U14
Liga Tlaxtli FC Guerreros B03,40 Tlaxtli Boys-03,Baker Blast U14
Liga Tlaxtli FC Guerreros B03,LTFC Guerros LTFC Guerreros,PSPL WSPL 2 U14
Liga Tlaxtli FC Guerreros B03,TLAXTLI BU14 MARTINEZ,Sounders FC Cup BU14 Gold
Liga Tlaxtli FC Guerreros B03,LTFC Guerreros,PacNW Winter Classic Premier II U14
Liga Tlaxtli FC Guerreros B03,LTFC Guerros LTFC Guerreros,Spr PSPL SuperLeague 2 U14
Los Angeles United FA Academy Reserve B03,LA UNITED FA 2003 ACADEMY RESERVE,FWRL CAS B03
Los Angeles United FA Academy Reserve B03,LOS ANGELES UNITED FALA UNITED FA B2003 ACADEMY RESERVE,NHB Cup Flight 1
Los Angeles United FA B03,LAUFA 2003 BOYS,NHB Cup Flight 1
LOSC Green I B03,LOSC GREEN 1 (OR),Oswego Nike Cup Silver U14
LOSC Green I B03,LOSC 03B Green,PTT B03 Division 2 White
LOSC Green I B03,LOSC 03B Green,OYS Founders Cup B03
LOSC Green I B03,LOSC 03B Green,Spr OYS B03 Division 2 White
LWPFC White Barracudas B03,LAKE WASHINGTON PREMIER FC WHITE BARRACUDAS B03 (WA),Bigfoot Silver U14
LWPFC White Barracudas B03,LAKE WASHINGTON PREMIER FCWHITE BARRACUDAS B03,Gunners Invitational Boys 2003 Gold
LWPFC White Barracudas B03,LWPFC White Barracudas,PSPL Copa U14
LWPFC White Barracudas B03,LWPFC White Barracudas,Spr PSPL Classic U14
LWPFC White Piranhas B03,LAKE WASHINGTON PREMIER FC WHITE PIRANHAS B03 (WA),Bigfoot Gold U14
LWPFC White Piranhas B03,LAKE WASHINGTON PREMIER FCWHITE PIRANHAS B03,Gunners Invitational Boys 2003 Gold
LWPFC White Piranhas B03,LWPFC White Piranhas,PSPL Classic 1 U14
LWPFC White Piranhas B03,LWPFC White Piranhas B03,Rainier Challenge Copa U14
LWPFC White Piranhas B03,LWPFC White Piranhas,Spr PSPL SuperLeague 1 U14
LWPFC White Piranhas B03,LAKE WASHINGTON PREMIER FC WHITE PIRANHAS B03 (WA),WA Cup Boys U14 Gold U14
Magic City SC Red B03,MAGIC CITY SC RED (MT),PVSC Spring Classic BU14 U14
Mercer Island FC Arsenal B03,MIFC Arsenal,Blast Off B2003-04 B
Mercer Island FC Arsenal B03,MIFC B03 Arsenal,NPSL Division 2 (03) U14
Mercer Island FC Arsenal B03,MIFC Arsenal B03 - Addison,Founders Cup B03 Div A
Meridian United Purple B03,MERIDIAN UNITED FC PURPLE,FC Nova Fall Showcase U14 Boys
Meridian United Purple B03,MERIDIAN UNITED FC MERIDIAN UNITED PURPLE,Idaho D3 Division 2 East U14
Meridian United Purple B03,MERIDIAN UNITED FC PURPLE,Spr Idaho D3 U14 Boys Division 2
Meridian United Purple B03,MERIDIAN UNITED FC PURPLE (ID),Canyon Rim Classic U14 B U14
Meridian United Purple B03,MERIDIAN UNITED FC PURPLE (ID),ID Directors Cup U14B Silver West U14
Missoula Strikers -Unk B03,Missoula Strykers,Wenatchee Apple Cup BU13-14 Gold
Missoula Strikers B03,Missoula Strikers U13 Boys,Starfire Spring Classic BU14
Missoula Strikers Black B03,MISSOULA STRIKERSBLACK 13B-PR,Pend Orielle Cup Boys U14/15 Gold
Missoula Strikers Black B04,MISSOULA STRIKERSBLACK 12B-CL,Pend Orielle Cup U14/15 Silver
Missoula Strikers Red B03,MISSOULA STRIKERS RED 2003B-PR,Performance Cup U14 Boys Gold
Modern Electric B03,Modern Electric 03,Wenatchee Apple Cup BU13-14 Gold
Moscow United B03,MOSCOW UNITED SC B2003,IPL East U14
Mountain United B03,MOUNTAIN UNITED MUFC BOYS U14 (CND),SX Cup Boys U14 Premier - Tier 1 U14
Mountain United Chaos B03,MUSC CHAOS '03 (CANADA),SX Cup Boys U14 Metro - Tier 2 U14
MpVSA Strykeforce B03,MpVSA Strykeforce,River Jam Samba U14
MSC Vikings B03,MSC VIKINGS - KIM,Spr Idaho D3 U14 Boys Division 2
Mukilteo Rush B03,Rush Select B03,Crossfire Select U14 Bronze
Mukilteo Rush B03,Rush Select B03 A,NPSL Division 2 (03) U14
Mukilteo Rush B03,Rush Select 03,Seattle United Cup BU14 Silver
Mukilteo Rush B03,Rush Select B03,Founders Cup B03 Div A
Mustang SC Elite Roma B03,MUSTANG SCMUSTANG 03B ELITE ROMA,NHB Cup Flight 1
Mustang SC Elite Roma B03,MUSTANG SC MUSTANG 03B ELITE ROMA,NorCal NPL 03 NPL 1 West
MVP Rapids Navy B03,MVP Rapids 03 Navy,Beaverton Cup BU14 Gold
MVP Rapids Navy B03,MAPLE VALLEY PREMIERMVP RAPIDS '03 NAVY,Central WA Super Cup Boys U14 Gold
MVP Rapids Navy B03,MVP Rapids '03 Navy,Eastside FC Cup BU14
MVP Rapids Navy B03,MVP Rapids '03 Navy,PSPL WSPL 2 U14
MVP Rapids Navy B03,MVP Rapids '03 Navy,Skagit Firecracker Gold U14
MVP Rapids Navy B03,MVP Rapids '03 Navy,Spr PSPL SuperLeague 1 U14
MVP Rapids Navy B03,MVP RAPIDS '03 NAVY (WA),WA Cup Boys U14 Gold U14
MYSC Lightning -Unk B03,Mukilteo Lightning,Sky River BU14
Nampa Premier SC B B03,NAMPA PREMIER SC U14 - ADAMS (ID),ID Directors Cup U14B Silver West U14
Nampa Premier SC B03,NAMPA PREMIER SC U13/14B (04/03) (ID),GEM State Challenge U14 Boys U14
Nampa Premier SC B03,NAMPA PREMIER SC U13/14B (04/03),Idaho D3 Division 2 West U14
Nampa Premier SC B03,NAMPA PREMIER SC U13/14B (04/03),Spr Idaho D3 U14 Boys Division 2
Nampa Premier SC B03,NAMPA PREMIER SC U13/14B (04/03) (ID),Canyon Rim Classic U14 B U14
Nampa Premier SC B03,NAMPA PREMIER SC U13/14B (04/03) (ID),ID Directors Cup U14 Boys Silver U14
Napa SA B03,NAPASA 03 BOYS,NorCal NPL 03 NPL 1 East
NDSC Royals B03,NDSC U14 ROYALS (CANADA),SX Cup Boys U14 Silver - Tier 4 U14
Nelson United Selects B03,NELSON SELECTS (CANADA),SX Cup Boys U14 Gold - Tier 3 U14
NEU Blue B03,NEU PDX 03B Blue,OYS Presidents Cup B03
NEU Blue B03,NEU PDX 03B Blue,PTT B03 Division 1 White
NEU Blue B03,NEU PDX 03B Blue,Spr OYS B03 Division 1 White
NEU White B03,NORTHEAST UNITED NEU PDX 03B (OR),Bend Premier Cup Lucas Melano (Silver) Division U14
NEU White B03,NORTHEAST UNITED NEU PDX 03B (OR),Oswego Nike Cup Silver U14
NEU White B03,NORTHEAST UNITEDNEU PDX 03 BOYS,PCU Summer Classic U14 Boys Bronze
NEU White B03,NEU PDX 03B White,PTT B03 Premier White
NEU White B03,NEU PDX 03B White,Spr OYS B03 Premier White
NEU White B03,NEU PDX 03B White,OYS State Cup B03
Newport FC B03,Newport FC B03,NPSL Division 3 (03) U14
Newport FC B03,NEWPORT FC PINTONE (WA),REDAPT Cup Silver U14
Newport FC B03,Newport FC B'03,Spr NPSL (03) Division 2 (South) U14
NK Fire B03,North Kitsap Fire B03,Blast Off B2003-04 B
NK Fire B03,NK Fire,Island Cup BU14 Gold
NK Fire B03,NK Fire 03,PSPL Classic 2 Red U14
NK Fire B03,North Kitsap Fire,Starfire Spring Classic BU14
NK Fire B03,NK Fire 03,Spr PSPL SuperLeague 2 U14
NM Rush B03,NEW MEXICO RUSH NM RUSH 03,FWRL Desert 2003 U14
NM Rush Nero B03,RUSH NM RUSH NERO 03,LV Thanksgiving Classic LVTC U14 Boys Gold
Norcal Barcelona B03,BARCELONA NORCAL '03 BOYS,Performance Cup U14 Boys Gold
Nortac Colibri B04,Nortac Colibri B04 Jose,NPSL Division 1 (03) U14
Nortac Sparta Red B03,NorTac Sparta B03,KITG BU14 Green
Nortac Sparta Red B03,NORTAC SPARTA B03 Red,PSPL Classic 2 Red U14
Nortac Sparta Red B03,Nortac Sparta B03,Tyee Cup B03 Gold
Nortac Sparta Red B03,NORTAC SPARTA B03 Red,Spr PSPL Classic U14
Nortac Sparta Red B03,NORTAC SPARTA B03 RED (WA),WA Cup Boys U14 Silver U14
North Delta United B03,NORTH DELTA UNITED (CANADA),SX Cup Boys U14 Gold - Tier 3 U14
North Idaho Inferno Blue B03,NORTH IDAHO INFERNO F C NOONE B-14,IPL East U14
North Idaho Inferno Blue B03,NORTH IDAHO INFERNO FC03 BOYS BLUE,Pend Orielle Cup U14/15 Silver
North Idaho Inferno Orange B03,INFERNO FC03 BOYS ORANGE,Pend Orielle Cup U14/15 Silver
North Idaho Inferno Orange B03,Inferno Johnson B03,PSPL-Inland Copa 2 U14
North Idaho Inferno Orange B03,INFERNO FC 03 BOYS ORANGE (ID),River City Challenge Boys U14 (2003) U14
North Idaho Inferno Orange B03,NORTH IDAHO INFERNO F C JOHNSON B-03 ORANGE,Spr IPL East U14
North Idaho Inferno Orange B03,NORTH IDAHO INFERNO FC JOHNSON B-03 ORANGE (ID),ID State Cup Boys U14 U14
NPSA Titans Navy B03,NPSA B03 Navy Bellevue,Labor Day Cup BU14 Gold
NPSA Titans Navy B03,NPSA B03 Navy Bellevue,PSPL WSPL 1 U14
NPSA Titans Navy B03,NPSA Titans B03 Navy,Seattle United Cup BU14 Gold
NPSA Titans Navy B03,NPSA B03 Navy Bellevue,Spr PSPL SuperLeague 1 U14
NPSA Titans Navy B03,NPSA B03 NAVY BELLEVUE (WA),WA Cup Boys U14 Gold U14
NPSA Titans White B03,NPSA B03 WHITE BELLEVUE (WA),Bend Premier Cup Lucas Melano (Silver) Division U14
NPSA Titans White B03,NPSA B03 White Bellevue,Crossfire Select U14 Gold
NPSA Titans White B03,NPSA B03 White Bellevue,PSPL Classic 2 Blue U14
NPSA Titans White B03,NPSA B03 White Bellevue,Rainier Challenge Copa U14
NPSA Titans White B03,NPSA B03 White Bellevue,Spr PSPL Classic U14
NPSA Titans White B03,NPSA B03 WHITE BELLEVUE (WA),WA Cup Boys U14 Silver U14
NSC Elite B03,NORTHSHORE SELECT ELITE (WA),Bigfoot Silver U14
NSC Elite B03,NSC B03 Elite,Cranberry Cup U14
NSC Elite B03,NSC Elite,Labor Day Cup BU14 Silver
NSC Elite B03,NSC B03 Elite,NPSL Division 1 (03) U14
NSC Elite B03,NSC Elite,Seattle United Cup BU14 Gold
NSC Elite B03,NSC Elite B03 Green,Founders Cup B03 Div A
NSC Fury B03,NORTHSHORE SELECT FURY (WA),Bigfoot Silver B U14
NSC Fury B03,NSC Fury,Cranberry Cup U14
NSC Fury B03,NSC B03 Fury,Crossfire Select U14 Bronze
NSC Fury B03,NSC B03 White,NPSL Division 3 (03) U14
NSC Fury B03,NSC B03 Fury,Seattle United Cup BU14 Silver
NSC Fury B03,NSC Fury B03 White,Founders Cup B03 Div A
NSC Green B04,NSC B04 Green,Cranberry Cup U14
NSC Montana Purple B03,NSC Montana Purple,Clash At the Border Div 2 Gold/Silver/Bronze U14
NSC Montana White B03,NSC Montana White,Clash At the Border Div 2 Gold/Silver/Bronze U14
NSC Nitro B03,NSC B03 Nitro,Island Cup BU14 Gold
NSC Nitro B03,NSC B03 Nitro,NPSL Division 1 (03) U14
NSC Nitro B03,NORTHSHORE SELECT NSC B03 NITRO (WA),REDAPT Cup Gold U14
NSC Nitro B03,NSC B03 Nitro,Sounders FC Cup BU14 Gold
NSC Nitro B03,NSC Nitro B03 Green,Founders Cup B03 Div A
NSYSL LV Eliminators Black B03,NSYSL LV ELIMINATORS 03 BLACK (NV),LV Mayors Fall Classic U-14 Boys U14
NVFC Flames B03,NVFC FLAMES (OTH),SX Cup Boys U14 Silver - Tier 4 U14
NW United Black B03,NORTHWEST UNITED FC NWU BU14 BLACK (WA),Nike Crossfire Challenge Gold Group U14
NW United Black B03,NORTHWEST UNITED FCNWU 03 BLACK,NWCL Boys 03
NW United Black B03,19 Northwest United B03 Black,Pacific Coast Challenge U14
NW United Black B03,NWU_BU14_Black,Rainier Challenge Samba U14
NW United Black B03,NorthWest United B03 A Black,RCL B03 Div 1
NW United Black B03,NorthWest United B03 A Black,RCL B03 Div 2
NW United Black B03,NWU - BU14 Black,Skagit Firecracker Gold U14
NW United Black B03,NORTHWEST UNITED FC NWU 03 BLACK (WA),WA Rush Cup B03 Gold U14
NW United Black B03,NorthWest United B03 A Black,Win RCL B03 Div 1
NW United Black B03,NorthWest United B03 A Black,WYS Championship B03
NW United Red B03,21 Northwest United B03 Wedge,Pacific Coast Challenge U14
NW United Red B03,NorthWest United B03 B Red,RCL B03 Div 5
NW United Red B03,Northwest United B03 Red Wedge,Skagit Firecracker Silver U14
NW United Red B03,NW United B03 Red Wedge,Sounders FC Cup BU14 Silver
NW United Red B03,NorthWest United B03 B Red,Win RCL B03 Div 5
NW United Red B03,NorthWest United B03 B Red,WYS Presidents Cup B03 Division 2
NWSC Deception FC B03,NWSC Deception FC B03,NPSL Division 3 (03) U14
Oregon Trail SC Thunder B03,OREGON CITY THUNDER,PCU Summer Classic U14 Boys Bronze
Oregon Trail SC Thunder B03,OCSC 03B OTFC Thunder,PTT B03 Division 2 Green
Oregon Trail SC Thunder B03,OCSC B03 Thunder,Sounders FC Cup BU14 Silver
Oregon Trail SC Thunder B03,OCSC 03B OTFC Thunder,OYS Founders Cup B03
Oxnard United SC B03,Oxnard United Soccer Club,FWRL CAS B03
Oxnard United SC B03,OXNARD UNITED SC (CAS),Surf Cup Super Black U14
Pacific FC Cheetahs B04,Cheetahs (Ruiz),Cowlitz Kickoff BU13-14
Pacific FC Dynamo B04,PACIFIC FC B04 DYNAMO (WA),Bend Premier Cup Timbers Bronze Group (U13/U14) U14
Pacific FC Real B03,PACIFIC FC REAL B03 (WA),Bend Premier Cup Lucas Melano (Silver) Division U14
Pacific FC Real B03,PACIFIC FC REAL B03 (WA),Oswego Nike Cup Silver U14
Pacific FC Real B03,PACIFIC FC REAL B03,PCU Summer Classic U14 Boys Bronze
Pacific FC Real B03,Pacific FC B03 Real,PTT B03 Division 2 Green
Pacific FC Real B03,Pacific FC 03B Real,Spr OYS B03 Division 1 White
Pacific FC Real B03,Pacific FC 03B Real,WYS Presidents Cup B03 Division 2
Pacific FC Real Blue B03,Pacific FC 03B Real Blue,Spr OYS B03 Division 1 White
Pacific FC Revolution B03,PACIFIC FC B03 REVOLUTION (WA),Bend Premier Cup Timbers Bronze Group (U13/U14) U14
Pacific FC Revolution B03,PACIFIC FC B03 REVOLUTION (WA),Oswego Nike Cup Silver U14
Pacific FC Revolution B03,Pacific FC 03B Revolution,PTT B03 Division 2 Green
Pacific FC Revolution B03,Pacific FC 03B Revolution,OYS Founders Cup B03
Pacific FC Revolution B03,Pacific FC 03B Revolution,Spr OYS B03 Division 2 Green
Pacific FC United B03,Pacific FC 03B United,OYS Presidents Cup B03
Pacific FC United B03,PACIFIC FCB03 UNITED,PCU Summer Classic U14 Boys Bronze
Pacific FC United B03,Pacific FC 03B United,PTT B03 Division 1 White
Pacific FC United B03,Pacific FC 03B United,Spr OYS B03 Division 1 Green
PacNW Blue B03,PACIFIC NORTHWEST SC PACNW B03 BLUE (WA),Nike Crossfire Challenge Gold Group U14
PacNW Blue B03,PACIFIC NORTHWEST SC PACNW B03 BLUE (WA),Oswego Nike Cup Silver U14
PacNW Blue B03,PacNW B03 Blue,Rainier Challenge Copa U14
PacNW Blue B03,PacNW B03 Blue B,RCL B03 Div 2
PacNW Blue B03,PACIFIC NORTHWEST SC PACNW B03 BLUE (WA),WA Rush Cup B03 Gold U14
PacNW Blue B03,PacNW B03 Blue,PacNW Winter Classic Premier II U14
PacNW Blue B03,PacNW B03 Blue B,RCL B03 7v2
PacNW Blue B03,PacNW B03 Blue B,Win RCL B03 Div 3
PacNW Blue B03,PacNW B03 Blue B,WYS Presidents Cup B03 Division 1
PacNW Maroon B03,PacNW B03 Maroon A,FWRL B03
PacNW Maroon B03,PACIFIC NORTHWEST SC PACNW B03 MAROON (WA),Nike Crossfire Challenge Super Group U14
PacNW Maroon B03,PacNW B03 Maroon,Rainier Challenge Samba U14
PacNW Maroon B03,PacNW B03 Maroon A,RCL B03 Div 1
PacNW Maroon B03,PACIFIC NORTHWEST SC PACNW B03 MAROON (WA),WA Rush Cup B03 Gold U14
PacNW Maroon B03,PACIFIC NORTHWEST SCPACNW B03 MAROON,NHB Cup Flight 1
PacNW Maroon B03,PacNW B03 Maroon,PacNW Winter Classic Premier U14
PacNW Maroon B03,PacNW B03 Maroon A,Win RCL B03 Div 1
PacNW Maroon B03,PacNW B03 Maroon A,WYS Championship B03
PacNW White B03,PACIFIC NORTHWEST SC PACNW B03 WHITE (WA),Nike Crossfire Challenge Silver Group U14
PacNW White B03,PACIFIC NORTHWEST SC PACNW B03 WHITE (WA),Oswego Nike Cup Silver U14
PacNW White B03,Pacific Northwest SC-PacNW B03 White,Rainier Challenge Copa U14
PacNW White B03,PacNW B03 White C,RCL B03 Div 4
PacNW White B03,PACIFIC NORTHWEST SC PACNW B03 WHITE (WA),WA Rush Cup B03 Silver U14
PacNW White B03,PacNW B03 White,PacNW Winter Classic Premier II U14
PacNW White B03,PacNW B03 White C,Win RCL B03 Div 4
PacNW White B03,PacNW B03 White C,WYS Presidents Cup B03 Division 2
Pateadores NM B03,PATEADORES NM 03,FWRL Desert 2003 U14
PCU Black 1 B03,PCU 03B Black,OYS Presidents Cup B03
PCU Black 1 B03,PCU 03B Black,Spr OYS B03 Division 1 Green
PCU Falcons B03,PCU 03B Falcons,Beaverton Cup BU14 Silver
PCU Falcons B03,PCU 03B Falcons,Clash At the Border Div 2 Gold/Silver/Bronze U14
PCU Falcons B03,PCU B03 Falcons,Mt Hood Challenge U14 Bronze
PCU Falcons B03,PCU 03B FALCONS,PCU Summer Classic U14 Boys Bronze
PCU Gray B03,PCU 03B Gray,PTT B03 Division 2 Green
PCU Gray B03,PCU 03B Gray,OYS Founders Cup B03
PCU Gray B03,PCU 03B Gray,Spr OYS B03 Division 2 White
PCU Nationals Black B03,PCU 03B Nationals,Beaverton Cup BU14 Silver
PCU Nationals Black B03,PCU 03B Nationals,Chinook Cup Silver U14
PCU Nationals Black B03,PCU 03B Nationals,Clash At the Border Div 2 Gold/Silver/Bronze U14
PCU Nationals Black B03,PCU 03B Nationals,Crossfire Select U14 Bronze
PCU Nationals Black B03,PCU 03B NATIONALS,PCU Summer Classic U14 Boys Silver
PCU Nationals Black B03,PCU 03B Black,PTT B03 Division 1 Green
PCU Red 1 B03,PCU 03B Red,Spr OYS B03 Premier White
PCU Red 1 B03,PCU 03B Red,OYS State Cup B03
PCU Shadow B03,PCU 03B SHADOW,PCU Summer Classic U14 Boys Bronze
PCU Silver B03,PCU 03B Silver,PTT B03 Division 2 White
PCU Silver B03,PCU 03B Silver,Spr OYS B03 Division 2 White
PCU Sting Red B03,PCU 03B Sting,Chinook Cup Gold U14
PCU Sting Red B03,PCU 03B Sting,Clash At the Border Division 1 U14
PCU Sting Red B03,PCU 03B Sting,Crossfire Select U14 Silver
PCU Sting Red B03,PCU B03 Sting,Mt Hood Challenge U14 Gold
PCU Sting Red B03,PCU 03B STING,PCU Summer Classic U14 Boys Silver
PCU Sting Red B03,PCU 03B Red,PTT B03 Premier Green
PCU White B03,PCU 03B White,PTT B03 Division 1 White
PCU White B03,PCU 03B White,OYS Founders Cup B03
PCU White B03,PCU 03B White,Spr OYS B03 Division 2 Green
Placer United B03,PLACER UNITED 03B (CAN),Surf Cup Super Black U14
Players Academy B03,PLAYERS SC PLAYERS 2003 BOYS ACADEMY (NV),LV Mayors Fall Classic U-14 Boys U14
Players Elite Blue B03,PLAYERS SC 2003 BOYS ELITE BLUE (NV),LV Mayors Fall Classic U-14 Boys U14
Players Elite White B03,PLAYERS SC 2003 BOYS ELITE WHITE (NV),LV Mayors Fall Classic U-14 Boys U14
Port Moody AC Selects B03,PORT MOODY U14 BOYS METRO (CANADA),SX Cup Boys U14 Metro - Tier 2 U14
Prince George Timberwolves B03,PRINCE GEORGE 2003 BOYS TIMBERWOLVES (CND),SX Cup Boys U14 Silver - Tier 4 U14
PSA Force Black B03,PILCHUCK SOCCER ALLIANCE - FORCE B03 FORCE_CHADD (WA),Bigfoot Silver B U14
PSA Force Black B03,PSA B03 Force- Chadd,Crossfire Select U14 Silver
PSA Force Black B03,PSA B03 Force_Chadd,NPSL Division 3 (03) U14
PSA Force Black B03,PSA Force,Skagit Firecracker Silver U14
PSA Force Black B03,PSA B03 Force_Huestis,Spr NPSL (03) Division 1 U14
PSPL Academy B03,PSPL SURF ACADEMY B'03 (WA),Oswego Nike Cup Gold U14
PSPL Academy B03,PSPL SURF ACADEMY B'03 (WA),Surf Cup Black U14
PSPL Academy B03,PSPL SURF ACADEMY B'03 (UNITED STATES),SX Cup Boys U14 Premier - Tier 1 U14
PSPL Academy Green B03,PSPL SURF ACADEMY B'03 GREEN (USA),SX Cup Boys U14 Metro - Tier 2 U14
Pumas UNAM B B03,Pumas UNAM 03/04 Armando,PSPL Classic 2 Red U14
Pumas UNAM B B03,Pumas UNAM 03 Armando,Spr PSPL SuperLeague 2 U14
Pumas UNAM B B03,PUMAS UNAM 03 ARMANDO (WA),WA Cup Boys U14 Silver U14
Pumas UNAM B03,Pumas Seattle BU14,Labor Day Cup BU14 Gold
Pumas UNAM B03,Pumas UNAM 03 HERNANDO,PSPL WSPL 2 U14
Pumas UNAM B03,Pumas Seattle BU14,Sounders FC Cup BU14 Silver
Pumas UNAM B03,Pumas Seattle BU14,Starfire Spring Classic BU14
PVSC United Manchester B03,PVSC UNITED MANCHESTER (ID),Canyon Rim Classic U14 B U14
PVSC United Manchester B03,PVSC UNITED MANCHESTER (ID),PVSC Spring Classic BU14 U14
PVSC United Manchester B03,PVSC UNITED MANCHESTER (ID),ID Directors Cup U14B Silver West U14
Real Colorado Nationals B03,REAL COLORADO NATIONAL 03 (CO),Surf Cup Black U14
Real Colorado USSDA B02,REAL COLORADO 02 USSDA (CO),Surf Cup USSDA Black U14
Real Middleton Internazionale B02,REAL MIDDLETON CF INTERNAZIONALE,Yellowstone Cup Gold
Real Middleton Vikings B03,MIDDLETON VIKINGS - MYERS/KIM,Idaho D3 Division 2 West U14
Rebels Elite B03,REBELS-ELITE- AVALOS,NHB Cup Flight 1
Rebels Gold B03,Rebels Boys 2003 Gold,Nomads Thanksgiving 1st Division U14
Red Star SA Central Valley Liberty B03,RED STAR F.C. CENTRAL VALLEY LIBERTY F.C. 03,FWRL CAN CRL U14
Redmond Team USA B03,REDMOND TEAM USA (OR),Bend Premier Cup Timbers Bronze Group (U13/U14) U14
Redmond United 1 B03,REDMOND UNITED 1 (OR),Bend Premier Cup Timbers Bronze Group (U13/U14) U14
Revolution B03,REVOLUTION,LV Thanksgiving Classic LVTC U14 Boys Silver Elite
Richmond FC B03,RICHMOND FC (CND),SX Cup Boys U14 Metro - Tier 2 U14
Rio Rapids SC B03,RIO RAPIDS SC RIO RAPIDS SOCCER CLUB 03 BOYS,FWRL Desert 2003 U14
Rio Rapids SC Crew B03,Rio Rapids Crew (NM),Region IV Pres Cup U12
River Plate SC River B03,River Plate SC River 03/04,Clash At the Border Div 2 Gold/Silver/Bronze U14
River Plate SC River B03,RPSC 03B River,PTT B03 Division 2 Green
River Plate SC River B03,RPSC 03B River,Spr OYS B03 Division 2 Green
Rocky Mountain FC B03,ROCKY MOUNTAIN FC RMFC 2003 BOYS (MT),Nike Crossfire Challenge Silver Group U14
RSA Elite B03,RAINIER SOCCER ALLIANCE RSA ELITE B03/04 HANSON (WA),Bend Premier Cup Timbers Bronze Group (U13/U14) U14
RSA Elite B03,RSA Elite B03/04 Hanson,Crossfire Select U14 Bronze
RSA Elite B03,RSA Elite B03/04 Hanson,PSPL Classic 2 Blue U14
RSA Elite B03,RSA Elite B03-04 Hanson,Tyee Cup B03 Gold
RSA Elite B03,RSA Elite B03/04 Hanson,Spr PSPL Classic U14
RSA Elite B03,RSA ELITE B03/04 HANSON (WA),WA Cup Boys U14 Bronze U14
RVSC Timbers Red B03,RV Timbers Couch,Mt Hood Challenge U14 Silver
RVSC Timbers Red B03,RVT 03B Red,PTT B03 Premier White
RVSC Timbers Red B03,RVT 03B Red,Spr OYS B03 Premier White
RVSC Timbers Red B03,RVT 03B Red,OYS State Cup B03
RVSC Timbers White B03,RV Timbers White,Mt Hood Challenge U14 Bronze
Sacramento United Reds B03,SACRAMENTO UNITED 03B RED,NorCal NPL 03 NPL 1 East
Salem Chelsea B03,4-H 03B Chelsea Pedro,OYS Presidents Cup B03
Salem Chelsea B03,4-H 03B Chelsea Pedro,PTT B03 Division 1 White
Salem Chelsea B03,4-H 03B Chelsea Pedro,Spr OYS B03 Division 1 Green
San Antonio FC Academy B03,SAN ANTONIO FCACADEMY 2003,LV Thanksgiving Classic LVTC U14 Boys Gold
San Diego SC Academy Navy B03,San Diego SC B2003 Academy Navy,FWRL CAS B03
San Diego SC Academy Navy B03,SDSC B2003 ACADEMY NAVY (CAS),Surf Cup Super Black U14
San Diego Surf SC Academy I B03,SD SURF ACADEMY (WHIDDON) 2003 (CAS),Surf Cup Black U14
San Diego Surf SC Academy I B03,SD Surf Academy Boys (Whiddon) 2003,Nomads Thanksgiving 1st Division U14
San Diego Surf SC Academy Select B03,SD SURF ACADEMY SELECT 2003 (CAS),Surf Cup Black U14
San Diego Surf SC USSDA B02,SD SURF 2002 USSDA (CAS),Surf Cup USSDA Black U14
San Francisco Mission Green B03,SF MISSION YSL GREEN 2003,FWRL CAN CRL U14
San Jose Earthquakes CV Pre-Academy B03,CV SJ EARTHQUAKES 03B PA,NorCal NPL 03 NPL 1 West
San Jose Earthquakes PDA B02,SJ EARTHQUAKES 02 PDA (CAN),Surf Cup USSDA Black U14
San Jose Earthquakes PDA B03,SJ EARTHQUAKES 03 PDA (CAN),Surf Cup Super Black U14
San Tan Legacy Red B03,LEGACY 03 RED,FWRL Desert 2003 U14
San Tan Legacy Red B03,LEGACY 03 RED,NHB Cup Flight 1
Sandpoint Strikers B02,SANDPOINT STRIKERS FC HIGGS,Pend Orielle Cup Boys U14/15 Gold
Sandpoint Strikers B03,SANDPOINT STRIKERS - WOLF (U13) (ID),ID Directors Cup U14 Boys Silver U14
Santa Clara Sporting Green B03,SANTA CLARA SPORTING 03B GREEN,FWRL CAN CRL U14
Santa Clara Sporting Green B03,SANTA CLARA SPORTING 03B GREEN,NorCal NPL 03 NPL 1 West
Santa Monica United Blue B03,SANTA MONICA UNITED B03 BLUE (CAS),Surf Cup Black U14
Santa Monica United Blue B03,Santa Monica United B03 Blue,Nomads Thanksgiving 1st Division U14
SC del Sol B03,SC DEL SOL 03 BOYS,FWRL Desert 2003 U14
Scottsdale Blackhawks B03,SCOTTSDALE SOCCER 03B BLACKHAWKS ZELIN,FWRL Desert 2003 U14
Seattle Celtic Green B03,Seattle Celtic B03 Green,Labor Day Cup BU14 Gold
Seattle Celtic Green B03,Seattle Celtic B03 Green,PSPL WSPL 1 U14
Seattle Celtic Green B03,Seattle Celtic B03,Starfire Spring Classic BU14
Seattle Celtic Green B03,Seattle Celtic B03 Green,PacNW Winter Classic Premier U14
Seattle Celtic Green B03,Seattle Celtic B03 Green,Spr PSPL SuperLeague 1 U14
Seattle Celtic Orange B03,Seattle Celtic B03 Orange,PSPL Copa U14
Seattle Celtic White B03,Seattle Celtic B03 White,Crossfire Select U14 Silver
Seattle Celtic White B03,Seattle Celtic B03 White,PSPL Classic 2 Red U14
Seattle Celtic White B03,Seattle Celtic B03 White,Xtreme Cup BU14 Silver
Seattle Celtic White B03,Seattle Celtic B03 White,Spr PSPL Copa U14
Seattle United Copa B03,Seattle United B03 Copa A,FWRL B03
Seattle United Copa B03,SEATTLE UNITED BOYS 03 COPA (WA),Nike Crossfire Challenge Super Group U14
Seattle United Copa B03,Seattle United B03 Copa A,RCL B03 Div 1
Seattle United Copa B03,SEATTLE UNITED BOYS 03 COPA (WA),Surf Cup Super Black U14
Seattle United Copa B03,Seattle United B03 Copa A,Win RCL B03 Div 1
Seattle United Copa B03,Seattle United B03 Copa A,WYS Championship B03
Seattle United NE Blue B03,Seattle United NE B03 Blue,NPSL Division 3 (03) U14
Seattle United NE Blue B03,SU NE Blue [B03],Sky River BU14
Seattle United NE Blue B03,Seattle United NE B03 Blue,Xtreme Cup BU14 Silver
Seattle United NE Blue B03,Seattle United NE B03 Blue,Founders Cup B03 Div A
Seattle United NE Blue B03,Seattle United NE B03 Blue,Spr NPSL (03) Division 1 U14
Seattle United S Blue B03,Seattle United South Blue B03,Island Cup BU14 Gold
Seattle United S Blue B03,Seattle United South B03 Blue,NPSL Division 1 (03) U14
Seattle United S Blue B03,Seattle United South Blue B03,Seattle United Cup BU14 Silver
Seattle United S Blue B03,Seattle United South B03 Blue,Founders Cup B03 Div A
Seattle United Samba B03,SEATTLE UNITED SAMBA (WA),Nike Crossfire Challenge Silver Group U14
Seattle United Samba B03,Seattle United B03 Samba,Rainier Challenge Samba U14
Seattle United Samba B03,Seattle United B03 Samba C,RCL B03 Div 3
Seattle United Samba B03,SEATTLE UNITED B03 SAMBA (WA),REDAPT Cup Silver U14
Seattle United Samba B03,Seattle United B03 Samba C,Win RCL B03 Div 3
Seattle United Samba B03,Seattle United B03 Samba C,WYS Presidents Cup B03 Division 2
Seattle United Shoreline Blue B03,SEATTLE UNITED SU SHORELINE B03 BLUE (WA),Bigfoot Gold U14
Seattle United Shoreline Blue B03,SU Shoreline B03 Blue,Crossfire Select U14 Gold
Seattle United Shoreline Blue B03,Seattle United SH B03 Blue,NPSL Division 1 (03) U14
Seattle United Shoreline Blue B03,SU Shoreline B03 Blue,Seattle United Cup BU14 Silver
Seattle United Shoreline Blue B03,Seattle United SH B03 Blue,Founders Cup B03 Div A
Seattle United Shoreline White B03,SU Shoreline B03 White,Crossfire Select U14 Bronze
Seattle United Shoreline White B03,Seattle United Shoreline B03 White,KITG BU14 Red
Seattle United Shoreline White B03,Seattle United SH B03 White,NPSL Division 3 (03) U14
Seattle United Shoreline White B03,Seattle United SH B03 White,Spr NPSL (03) Division 2 (North) U14
Seattle United Tango B03,SEATTLE UNITED B03 TANGO (WA),Nike Crossfire Challenge Gold Group U14
Seattle United Tango B03,Seattle United B03 Tango B,RCL B03 Div 2
Seattle United Tango B03,SEATTLE UNITED B03 TANGO (WA),WA Rush Cup B03 Gold U14
Seattle United Tango B03,Seattle United B03 Tango B,RCL B03 7v2
Seattle United Tango B03,Seattle United B03 Tango B,Win RCL B03 Div 2
Seattle United Tango B03,Seattle United B03 Tango B,WYS Championship B03
Seattle United W Blue B03,SEATTLE UNITED WEST B03 BLUE (USA),Bigfoot Silver U14
Seattle United W Blue B03,Seattle United West B03 Blue,NPSL Division 1 (03) U14
Seattle United W Blue B03,Seattle United West B03 Blue,River Jam Samba U14
Seattle United W Blue B03,Seattle United West B03 Blue,Seattle United Cup BU14 Silver
Seattle United W Blue B03,Seattle United West B03 Blue,Founders Cup B03 Div A
Seattle United W White B03,SU West B03 White,Blast Off B2003 B
Seattle United W White B03,SU West B03 White,Crossfire Select U14 Bronze
Seattle United W White B03,Seattle United West B03 White,NPSL Division 3 (03) U14
Seattle United W White B03,Seattle United West B03 White,Founders Cup B03 Div A
Seattle United W White B03,Seattle United West B03 White,Spr NPSL (03) Division 2 (North) U14
Seleccion Coridica Mexico B03,SELECCION CORDICA MEXICO (MEX),Surf Cup Super Black U14
Sereno Chelsea White B03,SERENO 03 BOYS CHELSEA WHITE (AZ),Surf Cup Black U14
Sereno Southeast Chelsea White B03,SERENO SOUTHEAST 03 BOYS CHELSEA WHITE*,FWRL Desert 2003 U14
Sereno Southeast Chelsea White B03,SERENO SOUTHEAST 03 BOYS CHELSEA WHITE*,NHB Cup Flight 1
SESC Lightning B03,SESC Lightning,Beaverton Cup BU14 Silver
SESC Lightning B03,SESC Lightning 03B,Chinook Cup Silver U14
SESC Lightning B03,Southeast SC 03B Lightning,PTT B03 Division 2 White
SESC Lightning B03,Southeast SC 03B Lightning,OYS Founders Cup B03
SESC Lightning B03,Southeast SC 03B Lightning,Spr OYS B03 Division 2 Green
SF Glens Evolution Black B03,SF GLENS EVOLUTIONSFGE 03B BLACK,NHB Cup Flight 1
SF Glens Evolution Black B03,SF GLENS EVOLUTION SFGE 03B BLACK,NorCal NPL 03 NPL 1 West
SGESC Fusion B03,SGEO Fusion B03,Blast Off B2003-04 C
SGESC Fusion B03,SGEO Fusion [B]03,KITG BU14 Red
SGESC Fusion B03,SGEOSC Fusion03' Derrickson,PSPL Copa U14
SGU B03,SURREY GUILDFORD UNITED SGU (CND),SX Cup Boys U14 Metro - Tier 2 U14
Slammers Orange B03,RAINIER VALLEY SLAMMERS RVS B03 ORANGE (WA),Nike Crossfire Challenge Silver Group U14
Slammers Orange B03,RVS B03 Orange,RCL B03 Div 3
Slammers Orange B03,RVS B03 Orange,Win RCL B03 Div 4
Slammers Orange B03,RVS B03 Orange,WYS Presidents Cup B03 Division 1
Snake River Strikers B03,SNAKE RIVER STRIKERS,Yellowstone Cup Boys U13/14
Snohomish United Black B03,SNOHOMISH UNITED B03 A (WA),Bigfoot Gold U14
Snohomish United Black B03,SNOHOMISH UNITED 2003 A (WA),Nike Crossfire Challenge Super Group U14
Snohomish United Black B03,Snohomish United Boys 2003A,Rainier Challenge Samba U14
Snohomish United Black B03,SNOHOMISH UNITED BLACK A,RCL B03 Div 1
Snohomish United Black B03,SNOHOMISH UNITED BLACK A,Win RCL B03 Div 2
Snohomish United Black B03,SNOHOMISH UNITED BLACK A,WYS Presidents Cup B03 Division 1
Snohomish United Red B03,SNOHOMISH UNITED BU03RED (WA),Bigfoot Silver B U14
Snohomish United Red B03,SNOHOMISH UNITED RED B,RCL B03 Div 5
Snohomish United Red B03,SNOHOMISH UNITED BU03RED (WA),REDAPT Cup Silver U14
Snohomish United Red B03,SNOHOMISH UNITEDBU03RED,Snohomish United Invit Group A
Snohomish United Red B03,SNOHOMISH UNITED RED B,Win RCL B03 Div 5
Snohomish United Red B03,SNOHOMISH UNITED RED B,WYS Presidents Cup B03 Division 2
So Cal Rush B03,So Cal Rush B03,Nomads Thanksgiving 1st Division U14
South Kitsap United B03,SK United B03,Blast Off B2003 B
South Kitsap United B03,SK2 B03,Island Cup BU13-14 Silver
South Kitsap United B03,SKSC SK United B03,PSPL Copa U14
South Tacoma United Xolos B03,Xolos BU14,Starfire Spring Classic BU14
South Whidbey Islanders B03,South Whidbey Islanders FC B03 Rusch,Spr NPSL (03) Division 2 (North) U14
Southside SC Azul B03,SSC U14 Azul Boys,Chinook Cup Gold U14
Southside SC Azul B03,SSC 03B Azul,OYS Presidents Cup B03
Southside SC Azul B03,SOUTHSIDE (SSC)SSC AZUL,PCU Summer Classic U14 Boys Silver
Southside SC Azul B03,SSC 03B Azul,PTT B03 Division 1 White
Southside SC Azul B03,SSC 03B Azul,Spr OYS B03 Division 1 White
Southside SC Blanco B03,SSC U14 Boys Blanco,Beaverton Cup BU14 Silver
Southside SC Blanco B03,SSC U14 Blanco Boys,Chinook Cup Silver U14
Southside SC Blanco B03,SSC 03B Blanco,PTT B03 Division 2 White
Southside SC Blanco B03,SSC 03B Blanco,OYS Founders Cup B03
Southside SC Blanco B03,SSC 03B Blanco,Spr OYS B03 Division 2 White
Sparta United Premier B03,SPARTA UNITED SPARTA PREMIER 03 SP,FWRL Desert 2003 U14
Sparta United Premier B03,SPARTA UNITEDSPARTA PREMIER 03 SP,NHB Cup Flight 1
Sparta United Premier CK B03,SPARTA UNITED SPARTA 03 CK (UT),Canyon Rim Classic U14 B U14
Spokane Pumas B03,SPOKANE FOXES PUMAS FC SPOKANE PUMAS PREMIER FC 03 (WA),Les Schwab NW Cup U14 Boys U14
Spokane Pumas B03,SPOKANE PUMASPUMAS 03' U14B,Pend Orielle Cup U14/15 Silver
Spokane Pumas B03,Spokane Foxes Pumas FC '03 Vasquez,PSPL-Inland Copa 2 U14
Spokane Pumas B03,SPOKANE PUMASPUMAS 03' U14B,Spokane Cup Boys U13/U14
Spokane Pumas B03,Spokane Foxes Pumas FC '03 Vasquez,Spr PSPL-Inland Copa Classic U14
Spokane Sounders A B03,SPOKANE SOUNDERS B03A (WA),Les Schwab NW Cup U14 Boys U14
Spokane Sounders A B03,SPOKANE SOUNDERS B03A (WA),Nike Crossfire Challenge Super Group U14
Spokane Sounders A B03,SPOKANE SOUNDERS B'03,NWCL Boys 03
Spokane Sounders A B03,Spokane Sounders B03-A,RCL B03 Div 2
Spokane Sounders A B03,Spokane Sounders B03-A,Win RCL B03 Div 2
Spokane Sounders A B03,Spokane Sounders B03-A,WYS Presidents Cup B03 Division 1
Spokane Sounders A B04,SPOKANE SOUNDERS 04A (WA),Les Schwab NW Cup U14 Boys U14
Spokane Sounders B B03,SPOKANE SOUNDERS B2003B (WA),Les Schwab NW Cup U14 Boys U14
Spokane Sounders B B03,SPOKANE SOUNDERS B2003B (WA),Oswego Nike Cup Silver U14
Spokane Sounders B B03,Spokane Sounders B03-B,RCL B03 Div 5
Spokane Sounders B B03,Spokane Sounders B03-B,Win RCL B03 Div 4
Spokane Sounders B B03,Spokane Sounders B03-B,WYS Presidents Cup B03 Division 2
SSC Shadow Elite Sonko B03,SSC SHADOW ELITE B03 SONKO,IPL East U14
SSC Shadow Elite Sonko B03,SPOKANE SC SHADOW ELITE B03 SONKO,Spr IPL East U14
SSC Shadow United B03,SSC SHADOW UNITED B03 OLIVER,IPL East U14
SSC Shadow United B03,SSC SHADOW B 03/04 OLIVER SHADOW UNITED (WA),River City Challenge Boys U14 (2003) U14
SSC Shadow United B03,SPOKANE SC SHADOW UNITED B03 OLIVER,Spr IPL East U14
Stanford SC United Black B03,STANFORD SC UNITED 03B BLACK,FWRL CAN CRL U14
Sting SC Timbers B02,STING TIMBERS FC 02B,Pend Orielle Cup Boys U14/15 Gold
Sting SC Timbers Red B03,Sting Timbers FC 03B Red,PSPL Classic 1 U14
Sting SC Timbers Red B03,STING TIMBERS FC03B RED,Spokane Cup Boys U13/U14
Sting SC Timbers Red B03,Sting Timbers FC 03B Red,Spr PSPL SuperLeague 2 U14
Sting SC Timbers Red B03,STING TIMBERS FC 03B RED (ID),ID State Cup Boys U14 U14
Sting SC Timbers Red B03,STING TIMBERS FC 03B RED,Spr Idaho D3 U13/U14 Division 1
Sting SC Timbers Red B04,STING TIMBERS FC04B RED,Spokane Cup Boys U13/U14
Sting SC Timbers White B03,STING TIMBERS FC 03B WHITE,IPL East U14
Sting SC Timbers White B03,STING TIMBERS FC03B WHITE,Pend Orielle Cup U14/15 Silver
Sting SC Timbers White B03,STING TIMBERS FC 03/04B WHITE,Spr IPL East U14
Sting SC Timbers White B03,STING TIMBERS FC 03/04B WHITE (ID),ID Directors Cup U14 Boys Silver U14
Stockton Monarcas FC Academy B03,MONARCAS ACADEMY 03,NorCal NPL 03 NPL 1 East
Storm King B03,Storm King 03 Thunders,Island Cup BU14 Gold
Storm King B03,Storm King B03,NPSL Division 1 (03) U14
Strikers FC South Coast B03,Strikers FC- South Coast B03,FWRL CAS B03
Strikers FC South Coast B03,STRIKERS SOUTH COAST CANSECO U-14 (CAS),Surf Cup Black U14
STU Chelsea Academy B03,STU Chelsea Academy 03,Win RCL B03 Div 4
STU Chelsea Academy B03,STU Chelsea Academy 03,WYS Presidents Cup B03 Division 1
STU Evolution Araujo B03,Evolution 03 Araujo,Starfire Spring Classic BU14
STU Evolution Black B03,STU Evolution B03 Black (Lopez),NPSL Division 1 (03) U14
STU Evolution Black B03,Evolution B03 Black,Rainier Challenge Samba U14
STU Evolution Black B03,Evolution 03 Black BU14,Sounders FC Cup BU14 Gold
STU Evolution Black B03,STU Evolution B03 Black,Founders Cup B03 Div A
STU Evolution Black B03,STU Evolution B03 Black,Spr NPSL (03) Division 1 U14
STU Evolution Blanco B03,STU Chelsea Academy 03,RCL B03 Div 5
STU Evolution Blanco B03,STU Chelsea Academy 03,RCL B03 7v2
STU Evolution Blanco B03,Evolution 03 Blanco,Starfire Spring Classic BU14
STU Evolution Blanco B03,STU Evolution 03 Blanco,Xtreme Cup BU14 Gold
STU Evolution Torres B03,Evolution 03 Torres,Starfire Spring Classic BU14
STU Evolution White B03,Evolution 03 White BU14,Sounders FC Cup BU14 Bronze
STU Evolution Yellow B03,STU Evolution B03 Yellow (Trujillo),NPSL Division 1 (03) U14
STU Evolution Yellow B03,Evolution 03 Yellow BU14,Sounders FC Cup BU14 Gold
STU Evolution Yellow B03,STU Evolution 03 Trujillo BU14,Xtreme Cup BU14 Gold
STU Evolution Yellow B03,STU Evolution B03 Yellow,Founders Cup B03 Div A
STU Evolution Yellow B03,STU Evolution B03 Yellow,WYS Presidents Cup B03 Division 2
Sun Valley Blue B03,SUN VALLEY 2003 BOYS-BLUE,Spr Idaho D3 U14 Boys Division 2
Sun Valley Blue B03,SUN VALLEY 2003 BOYS-BLUE (ID),Canyon Rim Classic U14 B U14
Sun Valley Blue B03,SUN VALLEY 2003 BOYS-BLUE (ID),ID Directors Cup U14 Boys Silver U14
Sunnyvale Alliance SC Elite Red B03,SUNNYVALE ALLIANCE SC 03B RED,FWRL CAN At Large U14
Sunnyvale Alliance SC Elite Red B03,SUNNYVALE ALLIANCE SC 03B RED,FWRL CAN CRL U14
Surf SC White B03,Surf SC White 04 Shimatsu (HI),Region IV Pres Cup U12
Surrey FC Pegasus B03,SFC PEGASUS 2003 (CANADA),SX Cup Boys U14 Metro - Tier 2 U14
Surrey United B03,SURREY UNITED 2003M (CANADA),SX Cup Boys U14 Premier - Tier 1 U14
Surrey United Rangers B03,SURREY UNITED RANGERS (CANADA),SX Cup Boys U14 Gold - Tier 3 U14
SUS Venom B03,SUS VENOM (CANADA),SX Cup Boys U14 Gold - Tier 3 U14
Tanque Verde SC Blue B03,TANQUE VERDE SC03 BOYS BLUE,NHB Cup Flight 1
TC United Navy B03,TCU B03 Navy - Carlton,Crossfire Select U14 Gold
TC United Navy B03,TC United B03 Navy-Carlton,PSPL Classic 1 U14
TC United Navy B03,TC United B03 Navy-Carlton,Spr PSPL SuperLeague 2 U14
TC United Navy B03,TC UNITED B03 NAVY-CARLTON (WA),WA Cup Boys U14 Silver U14
TC United White B03,TC United B03 White Cortez,Dungeness Cup BU14 Olympic
TC United White B03,TC United B03 White,KITG BU14 Green
TC United White B03,TC United B03 White-Cortez,PSPL Copa U14
TC United White B03,TC United B03 White-Carlton/Anthony,Spr PSPL Copa U14
TC United White B03,TC UNITED B03 WHITE-CARLTON (WA),WA Cup Boys U14 Bronze U14
TFA Barcelona CAS B03,TOTAL FUTBOL ACADEMY (CAS),Surf Cup Super Black U14
TFA Barcelona CAS B03,TOTAL FUTBOL ACADEMYSD BOYS 03 TEMO,NHB Cup Flight 1
TFA California B B03,TOTAL FUTBOL ACADEMYTFA-SFV 03,LV Thanksgiving Classic LVTC U14 Boys Silver Elite
TFA California B03,Total Futbol Academy,FWRL CAS B03
TFA California B03,TOTAL FUTBOL ACADEMYTFA - LA MACARTHUR,LV Thanksgiving Classic LVTC U14 Boys Gold
TFA FC Los Angeles B03,TFA-FCLA B03,Nomads Thanksgiving 1st Division U14
The Racers B03,The Racers,KITG BU14 Green
The Racers B03,Racers 03,Wenatchee Apple Cup BU13-14 Gold
Thelo Spartans B03,Thelo Spartans,Mt Hood Challenge U14 Silver
Thompson Okanagan FC B03,THOMPSON OKANAGAN FC 2003 BOYS (CANADA),SX Cup Boys U14 Premier - Tier 1 U14
THUSC Beryllium Black B03,THUSC Beryllium Black,Chinook Cup Gold U14
THUSC Beryllium Black B03,TUALATIN HILLS UNITED BERYLLIUM BLACK (OR),Oswego Nike Cup Silver U14
THUSC Beryllium Black B03,THUSC 03B United Beryllium Black,OYS Presidents Cup B03
THUSC Beryllium Black B03,THUSC 03B United Beryllium Black,PTT B03 Division 1 Green
THUSC Beryllium Black B03,THUSC BERYLLIUM BLACK (UNITED STATES),SX Cup Boys U14 Silver - Tier 4 U14
THUSC Beryllium Black B03,THUSC 03B United Beryllium Black,Spr OYS B03 Division 1 Green
THUSC Beryllium Green B03,THUSC Beryllium Green,Chinook Cup Silver U14
THUSC Beryllium Green B03,THUSC 03B United Beryllium Green,PTT B03 Division 2 White
THUSC Beryllium Green B03,THUSC 03B United Beryllium Green,OYS Founders Cup B03
THUSC Beryllium Green B03,THUSC 03B United Beryllium Green,Spr OYS B03 Division 2 White
THUSC Fluorine B03,THUSC Flourine B03,Mt Hood Challenge U14 Bronze
THUSC Fluorine B03,THUSC 03B United Fluorine,PTT B03 Division 2 White
THUSC Fluorine B03,THUSC 03B United Fluorine,Spr OYS B03 Division 2 White
Timber Barons B02,Timber Barons (Rodriguez),Cowlitz Kickoff BU13-14
Timber Barons B04,Timber Barons (Cruz),Cowlitz Kickoff BU13-14
TNT Development B03,Poco TNT Development,Starfire Spring Classic BU14
Tottenham Hotspure East Bay Navy B03,TOTTENHAM HOTSPUR EAST BAY SPURS 03 NAVY,FWRL CAN At Large U14
Tottenham Hotspure East Bay Navy B03,TOTTENHAM HOTSPUR EAST BAY SPURS 03 NAVY,NorCal NPL 03 NPL 1 West
TSS Excel B03,TSS EXCEL (CANADA),SX Cup Boys U14 Premier - Tier 1 U14
TUSK Lil Sounders B03,TUSK Little Sounders,Blast Off B2003-04 B
Twin Falls Rapids B03,TF RAPIDS U14B (03/04) (ID),GEM State Challenge U14 Boys U14
Twin Falls Rapids B03,TF RAPIDS U14B (03/04),Idaho D3 Division 2 West U14
Tynecastle FC B03,TYNECASTLE FC B03,Central WA Super Cup Boys U14 Gold
Tynecastle FC B03,TYNECASTLE FC B03 (WA),Nike Crossfire Challenge Silver Group U14
Tynecastle FC B03,Tynecastle FC Tynecastle B03,PSPL WSPL 2 U14
UBC Okanagan Junior Heat B03,UBC Okanagan Junior Heat,PacNW Winter Classic Premier II U14
UC United B03,UC UNITED,Idaho D3 Division 2 West U14
UC United B03,UC UNITED,Spr Idaho D3 U14 Boys Division 2
UISA Riptide B03,UISA RIPTIDE (CANADA),SX Cup Boys U14 Metro - Tier 2 U14
Upper Valley Madison United B01,UPPER VALLEY SOCCER FOUNDATIONMADISON UNITED BOYS U 14,Yellowstone Cup Gold
USA Stars B03,USA STARS 03B ELITE,FWRL CAN At Large U14
USA Stars B03,USA STARS 03B (CAN),Surf Cup Black U14
Utah SA Premier B03,UTAH SOCCER ALLIANCEUSA PREMIER 03B - RM,LV Thanksgiving Classic LVTC U14 Boys Silver Elite
UUSC B03,Umpqua United Soccer Club 03B,PTT B03 Division 2 Green
UUSC B03,Umpqua United Soccer Club 03B,OYS Founders Cup B03
Vancouver FC B03,VANCOUVER FC U14 BOYS (CANADA),SX Cup Boys U14 Metro - Tier 2 U14
WA Rush B03,Washington Rush B03 Rush,Rainier Challenge Copa U14
WA Rush B03,Washington Rush B03 A,RCL B03 Div 2
WA Rush B03,Washington Rush B03 Rush,Skagit Firecracker Gold U14
WA Rush B03,WASHINGTON RUSH WA RUSH B03 RUSH (WA),WA Rush Cup B03 Gold U14
WA Rush B03,Washington Rush B03,PacNW Winter Classic Premier U14
WA Rush B03,Washington Rush B03 A,Win RCL B03 Div 2
WA Rush B03,Washington Rush B03 A,WYS Championship B03
WA Rush Nero B03,WASHINGTON RUSH NERO B03 (WA),Les Schwab NW Cup U14 Boys U14
WA Rush Nero B03,Washington Rush B03 Nero,Rainier Challenge Copa U14
WA Rush Nero B03,Washington Rush B03 Nero B,RCL B03 Div 4
WA Rush Nero B03,WA Rush Nero [B03],Sky River BU14
WA Rush Nero B03,WASHINGTON RUSH NERO B03 (WA),WA Rush Cup B03 Silver U14
WA Rush Nero B03,Washington Rush B03 Nero B,Win RCL B03 Div 4
WA Rush Nero B03,Washington Rush B03 Nero B,WYS Presidents Cup B03 Division 2
WAFC Real Madrid B03,WAFC Eric Swenson,Capital Cup BU14 Gold
WAFC Real Madrid B03,WAFC B03,Mt Hood Challenge U14 Premier
WAFC Real Madrid B03,WAFC 03B Real Madrid,PTT B03 Premier Green
WAFC Real Madrid B03,WAFC 03B Real Madrid,Spr OYS B03 Premier Green
WAFC Real Madrid B03,WAFC 03B Real Madrid,OYS State Cup B03
Walla Walla United B03,Walla Walla United Soccer Club 2003,PSPL-Inland Copa 2 U14
Walla Walla United B03,Walla Walla United Soccer Club 2003,Spr PSPL-Inland Copa 1 U14
Walnut Creek SC Blue B03,WALNUT CREEK 03B BLUE,NorCal NPL 03 NPL 1 West
Washington East SC B03,WASHINGTON EAST SC WASHINGTON EAST 03 (WA),Nike Crossfire Challenge Silver Group U14
Washington East SC B03,Washington East SC Flanigan,PSPL WSPL 1 U14
Washington East SC B03,WASHINGTON EAST SCWASHINGTON EAST 03,Spokane Cup Boys U13/U14
Washington East SC B03,WA East Flanigan B03,US Club Regionals 2003
Washington East SC B03,Washington East,PacNW Winter Classic Premier U14
Washington East SC B03,Washington East SC Flanigan,Spr PSPL SuperLeague 1 U14
Washington East SC B04,WASHINGTON EASTWASHINGTON EAST SC B04,Spokane Cup Boys U13/U14
Washington Timbers Green 1 B03,WASHINGTON TIMBERSWASHINGTON TIMBERS 03B GREEN 1,PCU Summer Classic U14 Boys Bronze
Washington Timbers Green 1 B03,WA Timbers 03B Green 1,PTT B03 Division 2 White
Washington Timbers Green 1 B03,WA Timbers 03B Green 1,OYS Founders Cup B03
Washington Timbers Red 1 B03,WA Timbers FC B03 Red 1,Clash At the Border Division 1 U14
Washington Timbers Red 1 B03,WA Timbers 03B Red 1,RCL B03 Div 1
Washington Timbers Red 1 B03,WA Timbers 03B Red 1,RCL B03 Div 2
Washington Timbers Red 1 B03,WA Timbers 03B Red 1,Win RCL B03 Div 1
Washington Timbers Red 1 B03,WA Timbers 03B Red 1,WYS Championship B03
Washington Timbers Red 2 B03,WTFC 03B Red 2,Beaverton Cup BU14 Gold
Washington Timbers Red 2 B03,WA Timbers FC B03 Red 2,Clash At the Border Division 1 U14
Washington Timbers Red 2 B03,WA Timbers 03B Red 2,RCL B03 Div 3
Washington Timbers Red 2 B03,WASHINGTON TIMBERS WA TIMBERS FC 03B RED 2 (WA),REDAPT Cup Silver U14
Washington Timbers Red 2 B03,WA Timbers 03B Red 2,Win RCL B03 Div 3
Washington Timbers Red 2 B03,WA Timbers 03B Red 2,WYS Presidents Cup B03 Division 1
Washington Timbers White 1 B03,WASHINGTON TIMBERS WA TIMBERS 03B WHITE 1 (WA),Bend Premier Cup Lucas Melano (Silver) Division U14
Washington Timbers White 1 B03,WA Timbers FC 03B White 1,Clash At the Border Div 2 Gold/Silver/Bronze U14
Washington Timbers White 1 B03,WASHINGTON TIMBERS WA TIMBERS 03B WHITE 1 (WA),Oswego Nike Cup Silver U14
Washington Timbers White 1 B03,WASHINGTON TIMBERSWA TIMBERS 03B WHITE 1,PCU Summer Classic U14 Boys Silver
Washington Timbers White 1 B03,WA Timbers 03B White 1,PTT B03 Division 2 Green
Washington Timbers White 1 B03,WA Timbers 03B White 1,OYS Founders Cup B03
Washington Timbers White 1 B03,WA Timbers 03B White 1,Spr OYS B03 Division 1 Green
Washington Timbers White 2 B03,WA Timbers FC 03B White 2,Clash At the Border Div 2 Gold/Silver/Bronze U14
Washington Timbers White 2 B03,Washington Timbers FC White 2 B03,Mt Hood Challenge U14 Bronze
Washington Timbers White 2 B03,WA Timbers 03B White 2,PTT B03 Division 2 Green
Washington Timbers White 2 B03,WA Timbers 03B White 2,OYS Founders Cup B03
Washington Timbers White 2 B03,WA Timbers 03B White 2,Spr OYS B03 Division 2 Green
Wenatchee FC B B03,Wenatchee FC BU14 Wiest,PSPL-Inland Copa 1 U14
Wenatchee FC B B03,Wenatchee FC 03 Weist,Wenatchee Apple Cup BU13-14 Gold
Wenatchee FC B B03,Wenatchee FC BU14 Wiest,Spr PSPL-Inland Copa 1 U14
Wenatchee FC Black B03,WENATCHEE FC B03 (WA),Nike Crossfire Challenge Gold Group U14
Wenatchee FC Black B03,WENATCHEE FIRE FCWENATCHEE FC B03,NWCL Boys 03
Wenatchee FC Black B03,Wenatchee FC B03 Black-McCourtie,PSPL WSPL 1 U14
Wenatchee FC Black B03,Wenatchee FC B03 Black-McCourtie,Spr PSPL SuperLeague 1 U14
Wenatchee Valley Othello United B03,WV UNITED SOCCER CLUB Othello United,PSPL-Inland Copa 1 U14
Wenatchee Valley Othello United B03,UNITED SC Othello United,PSPL-Inland Copa 1 U14
Wenatchee Valley Othello United B03,UNITED SC Othello United,Spr PSPL-Inland Copa Classic U14
Wenatchee Valley United Equipo Relampago B03,WV UNITED SOCCER CLUB Equipo Relampago,PSPL-Inland Copa 2 U14
Wenatchee Valley United Equipo Relampago B03,UNITED SC Equipo Relampago,PSPL-Inland Copa 2 U14
Wenatchee Valley United La Raza B04,WVU La Raza,Blast Off B2003-04 B
Wenatchee Valley United La Raza B04,Wen United La Raza,Wenatchee Apple Cup BU13-14 Gold
West Coast FC B03,West Coast FC B03 Kirsch,FWRL CAS B03
West Coast FC B03,WEST COAST FC 2003 KIRSCH (CAS),Surf Cup Super Black U14
West Narrows Blue B03,West Narrows F.C. B 03 Navy,PSPL Classic 2 Blue U14
West Narrows Blue B03,WNFC Blue B03,Xtreme Cup BU14 Silver
West Narrows Blue B03,West Narrows F.C. B 03 Navy,Spr PSPL Classic U14
West Narrows Blue B03,WEST NARROWS FC BLUE 03 (WA),WA Cup Boys U14 Bronze U14
West Narrows Red B03,WNFC Red (Brumm),Cowlitz Kickoff BU13-14
West Narrows Red B03,West Narrows FC B03 Red,KITG BU14 Red
West Narrows Red B03,West Narrows F.C. B 03 Red,PSPL Copa U14
West Narrows Red B03,West Narrows F.C. B 03 Red,Spr PSPL Copa U14
Westside Timbers Copa B03,WT 03B Copa,Beaverton Cup BU14 Gold
Westside Timbers Copa B03,Westside Timbers 03B Copa,FWRL B03
Westside Timbers Copa B03,Westside Timbers 03B Copa FWRL,FWRL B03
Westside Timbers Copa B03,WESTSIDE TIMBERSWT B03 COPA,NWCL Boys 03
Westside Timbers Copa B03,Westside Timbers 03B Copa,PTT B03 Premier Green
Westside Timbers Copa B03,Westside Timbers 03B Copa FWRL,PTT B03 Premier Green
Westside Timbers Copa B03,Westside Timbers 03B Copa FWRL,Spr OYS B03 Premier Green
Westside Timbers Copa B03,Westside Timbers 03B Copa FWRL,OYS State Cup B03
Westside Timbers Copa TS B03,WT 03B Copa TS,Beaverton Cup BU14 Silver
Westside Timbers Copa TS B03,Westside Timbers Copa TS B03,Mt Hood Challenge U14 Silver
Westside Timbers Copa TS B03,Westside Timbers 03B Copa TS,OYS Presidents Cup B03
Westside Timbers Copa TS B03,Westside Timbers 03B Copa TS,PTT B03 Division 1 White
Westside Timbers Copa TS B03,Westside Timbers 03B Copa TS,Spr OYS B03 Division 2 Green
Westside Timbers Mundial B03,WT 03B Mundial,Beaverton Cup BU14 Silver
Westside Timbers Mundial B03,Westside Timbers 03B Mundial,Chinook Cup Silver U14
Westside Timbers Mundial B03,Westside Timbers Mundial,Clash At the Border Div 2 Gold/Silver/Bronze U14
Westside Timbers Mundial B03,Westside Timbers 03B Mundial,OYS Presidents Cup B03
Westside Timbers Mundial B03,Westside Timbers 03B Mundial,PTT B03 Division 2 Green
Westside Timbers Mundial B03,WT 03B Mundial,Sounders FC Cup BU14 Silver
Westside Timbers Mundial B03,Westside Timbers 03B Mundial,Spr OYS B03 Division 1 White
Westside Timbers Samba B03,WT 03B Samba,Beaverton Cup BU14 Silver
Westside Timbers Samba B03,WT 03B Samba,Chinook Cup Silver U14
Westside Timbers Samba B03,Westside Timbers 03B Samba,OYS Presidents Cup B03
Westside Timbers Samba B03,WESTSIDE TIMBERSWST 03B SAMBA,PCU Summer Classic U14 Boys Silver
Westside Timbers Samba B03,Westside Timbers 03B Samba,PTT B03 Division 1 Green
Westside Timbers Samba B03,Westside Timbers 03B Samba,Spr OYS B03 Division 1 Green
Whatcom Rangers Blue B03,37 WFC Rangers BU14 BLUE,Baker Blast U14
Whatcom Rangers Blue B03,17 WFC Rangers BU14 Blue,Pacific Coast Challenge U14
Whatcom Rangers Blue B03,Whatcom FC Rangers - BU03 Blue,RCL B03 Div 4
Whatcom Rangers Blue B03,Whatcom FC Rangers - BU03 Blue,RCL B03 Div 5
Whatcom Rangers Blue B03,WFC Rangers BU14 Blue,Seattle United Cup BU14 Gold
Whatcom Rangers Blue B03,Whatcom FC Rangers - BU03 Blue,Win RCL B03 Div 4
Whatcom Rangers Gold B03,20 WFC Rangers BU14 Gold 2003,Pacific Coast Challenge U14
Whatcom Rangers Gold B03,Whatcom FC Rangers - BU03 Gold,RCL B03 Div 3
Whatcom Rangers Gold B03,Whatcom FC Rangers - BU03 Gold,Win RCL B03 Div 3
Whatcom Rangers White B03,38 Whatcom FC Rangers BU03 White,Baker Blast U14
Whatcom Rangers White B03,Whatcom FC Rangers B03 White,NPSL Division 3 (03) U14
Whatcom Rangers White B03,18 Whatcom FC Rangers BU03 White,Pacific Coast Challenge U14
Whatcom Rangers White B03,Whatcom FC Rangers BU03 White,Sounders FC Cup BU14 Bronze
Whatcom Rangers White B03,Whatcom FC Rangers B03 White,Spr NPSL (03) Division 2 (North) U14
Whitecaps FC Vancouver Prospects B03,Whitecaps FC Academy 03B,PacNW Winter Classic Premier U14
WPFC Black B03,WPFC B'03 BLACK (WA),Nike Crossfire Challenge Super Group U14
WPFC Black B03,WPFC B'03 BLACK,NWCL Boys 03
WPFC Black B03,WPFC B'03 Black,Rainier Challenge Samba U14
WPFC Black B03,WPFC B03 Black A,RCL B03 Div 1
WPFC Black B03,WPFC B03 Black A,RCL B03 7v2
WPFC Black B03,WPFC B03 Black A,Win RCL B03 Div 1
WPFC Black B03,WPFC B03 Black A,WYS Championship B03
WPFC Navy B03,WPFC B03 Navy,Rainier Challenge Copa U14
WPFC Navy B03,WPFC B03 Navy C,RCL B03 Div 5
WPFC Navy B03,WPFC B03 Navy,River Jam Samba U14
WPFC Navy B03,WASHINGTON PREMIER FOOTBALL B03 NAVY (WA),WA Rush Cup B03 Silver U14
WPFC Navy B03,WPFC B03 Navy C,Win RCL B03 Div 4
WPFC Navy B03,WPFC B03 Navy C,WYS Presidents Cup B03 Division 2
WPFC White B03,Washington Premier 03 White,Eastside FC Cup BU14
WPFC White B03,WPFC O3 White,Rainier Challenge Copa U14
WPFC White B03,WPFC B03 White B,RCL B03 Div 3
WPFC White B03,WPFC B03 White,Tyee Cup B03 Gold
WPFC White B03,Washington Premier FC B03 White,PacNW Winter Classic Premier II U14
WPFC White B03,WPFC B03 White B,RCL B03 7v2
WPFC White B03,WPFC B03 White B,Win RCL B03 Div 2
WPFC White B03,WPFC B03 White B,WYS Presidents Cup B03 Division 1
WUSC Navy B03,WUSC 2003B Navy,Mt Hood Challenge U14 Bronze
WUSC Navy B03,WUSC 2003B NAVY (OR),Oswego Nike Cup Silver U14
WUSC Navy B03,WUSC 03B Navy,PTT B03 Division 2 White
WUSC Navy B03,WUSC 03B Navy,OYS Founders Cup B03
WUSC Navy B03,WUSC 03B Navy,Spr OYS B03 Division 2 White
WUSC White B03,WUSC 2003B White,Clash At the Border Div 2 Gold/Silver/Bronze U14
WUSC White B03,WUSC 2003B White,Mt Hood Challenge U14 Silver
WUSC White B03,WILLAMETTE UNITED WUSC 2003B WHITE (OR),Oswego Nike Cup Silver U14
WUSC White B03,WUSC 03B White,OYS Presidents Cup B03
WUSC White B03,WUSC 03B White,PTT B03 Division 1 White
WUSC White B03,WUSC 03B White,Spr OYS B03 Division 2 Green
Xplosion SC B03,Xplosion SC B03,FWRL CAS B03
Yukon Strikers B03,YUKON STRIKERS SELECTS U14 BOYS (CND),SX Cup Boys U14 Premier - Tier 1 U14
