"name","alt.name","venue"
"3 Rivers Green B01","3RSC B01 White","Crossfire Select U16"
"3 Rivers Green B01","THREE RIVERS 3RSC B01 GREEN (WA)","Les Schwab NW Cup Boys U16 U16"
"3 Rivers Green B01","Three Rivers Soccer Club 3rsc B01 pspl green","PSPL-Inland Copa 1 U16"
"4-H Barcelona B01","4-H Barcelona B01","Capital Cup BU16"
"4-H Villareal B01","4-H Villareal B01","Capital Cup BU16"
"AC Brea Red B01","AC BREA B01 RED (CAS)","Surf Cup Super White U16"
"Ajax East Bay B01","AJAX East Bay AEB 00B","Nomads Thanksgiving 1st Division U16"
"Alaska ODP B01","Alaska ODP 01B","FWRL B01"
"Albion SC -Unk B02","ALBION SC U15B (CAS)","Carlsbad Nov Nights College Showcase Elite U16"
"Albion SC Academy B01","ALBION ACADEMY U16 HOLOHAN (CAS)","Surf Cup Super Black U16"
"Albion SC Academy B01","Albion SC B01 Academy - Holohan","FWRL CAS B01"
"Albion SC Academy B01","ALBION SC B01 ACADEMY (CAS)","Surf College Showcase Super Black U16"
"Albion SC Academy B01","ALBION SC ACADEMY B01 (CAS)","Albion Cup 2001 PUMA VELITE U16"
"Albion SC Academy I B01","ALBION SC ACADEMY I - B01 RILEY (CAS)","Albion Cup 2001 PUMA VELITE U16"
"Albion SC OC Academy B01","ALBION SC - OC ALBION SC- OC ACADEMY B01 (CAS)","Albion Cup 2001 Cup U16"
"Albion SC OC Premier I B01","ALBION SC - OC PREMIER I B01 (CAS)","NV Players Showcase Bellagio U16"
"Albion SC OC Premier I B01","ALBION SC - OC PREMIER I B01 (CAS)","Albion Cup 2001 Cup U16"
"Albion SC Premier B01","ALBION SC B01 PREMIER - GONZALEZ (CAS)","Albion Cup 2001 Cup U16"
"Albion SC Premier Bates B01","ALBION SC PREMIER - BATES (CAS)","Albion Cup 2001 Cup U16"
"Albion SC South Academy B01","ALBION SC SOUTH ACADEMY (CAS)","Albion Cup 2001 PUMA VELITE U16"
"Anaheim FC PDA B01","Anaheim FC PDA B2001","FWRL CAS B01"
"Anaheim FC PDA B01","ANAHEIM FC PDA B2001 (CAS)","Surf College Showcase Super White U16"
"Anaheim FC PDA B01","ANAHEIM FC PDA B2001","NHB Cup Flight 1"
"Anaheim FC PDA B01","ANAHEIM FC PDA B2001 (CAS)","NV Players Showcase Bellagio U16"
"Anaheim FC Red B01","ANAHEIM FC B2001 RED","LV Thanksgiving Classic LVTC U16 Boys Gold"
"Arizona Arsenal Premier Teal B01","Arizona Arsenal Premier Boys Teal","Nomads Thanksgiving 1st Division U16"
"Arizona Arsenal Premier Teal B01","AZ ARSENAL 01 PREMIER TEAL (AZ)","NV Players Showcase Bellagio U16"
"Arizona Hammers B01","ARIZONA HAMMERS 01B (AZ)","Albion Cup 2001 PUMA VELITE U16"
"Arsenal Colorado Academy B01","ARSENAL COLORADO ACADEMY 01 (CO)","NV Players Showcase Bellagio U16"
"Arsenal FC Academy USSDA B01","ARSENAL FC USSDA 2001 ACADEMY (CAS)","Surf Cup Super Black U16"
"Arsenal FC Academy USSDA B01","Arsenal FC 2001 Academy","Nomads Thanksgiving 1st Division U16"
"Arsenal FC Academy USSDA B01","ARSENAL FC USSDA 2001 ACADEMY (CAS)","NV Players Showcase Bellagio U16"
"Arsenal FC Academy USSDA B01","Arsenal FC 2001 ACADEMY","SCDL Fl1 U16"
"Arsenal FC North B01","ARSENAL FC BU15 NORTH (LUCEY/ARGUETA) (CAS)","NV Players Showcase Bellagio U16"
"Arsenal FC South B01","ARSENAL FC-S B2001 (CAS)","Albion Cup 2001 Cup U16"
"Arsenal FC South B01","ARSENAL FC-S B2001 (CAS)","Manchester City Cup Gold U16"
"Atletico Santa Rosa Chivitas B01","ATLETICO SANTA ROSA CHIVAS (CAN)","Surf Cup Super Black U16"
"Avalanche FC Apex College Prep B01","AFC Apex 01 College Prep","Nomads Thanksgiving 1st Division U16"
"Ballistic United SC Premier B01","BALLISTIC UNITED SCBUSC PREMIER 01","NHB Cup Flight 1"
"Baltimore Armour B01","Baltimore Armour PA15 (MD)","USYS National League U16"
"Barcelona NV Academy B01","BARCELONA NV USA ACADEMY GR","FWRL Desert 2001 U16"
"Bays United Team Nitro B01","Bays United FC Team Nitro","Starfire Spring Classic BU16"
"Beach FC Long Beach South B01","BEACH FC LONG BEACH BU15 SOUTH GUTIERREZ (CAS)","Albion Cup 2001 Cup U16"
"Beadling SC B01","BEADLING SOCCER CLUB (PAW)","NV Players Showcase USYS National League U16"
"Beadling SC B01","Beadling (PA-W)","USYS National League U16"
"Bellevue United Select B01","BUFC Select B01 Mulfinger","NPSL Division 3 (01) U16"
"Bellevue United Select B01","Bellevue Select B01","Sounders FC Cup BU16 Silver"
"Bellevue United Select B01","Bellevue United FC Mulfinger B01 - BU16","Founders Cup B01 Div A"
"Bend FC Timbers Black B01","Bend FC Timbers 01B HSB BLACK","Win OYS B01 Division 1 White"
"Bend FC Timbers Red B01","BFCT 2001 Boys Red","Beaverton Cup BU16 Silver"
"Bend FC Timbers Red B02","Bend Timbers 2002 Boys Red","US Club Regionals 2001"
"Bend FC Timbers White B01","Bend FC Timbers B01 White","Clash At the Border Bronze U16"
"Bend FC Timbers White B01","Bend FC Timbers 01B HSB WHITE","Win OYS B01 Division 1 Green"
"Bend FC Timbers White B01","Bend FC Timbers 01B HSB WHITE","OYS State Cup B01"
"Bethesda SC Blue B01","Bethesda SC Blue 01 (MD)","USYS National League U16"
"Bethesda SC Blue B01","BETHESDA SC BLUE 01 (MD)","NV Players Showcase USYS National League U16"
"Bethesda South B01","Bethesda South 01 (VA)","USYS National League U16"
"BIFC Black B01","Bainbridge Island FC Black B01","NPSL Division 2 (01) U16"
"BIFC Black B01","Bainbridge Island FC Black B01","Founders Cup B01 Div A"
"BIFC Blue B01","BAINBRIDGE ISLAND FC BIFC B01 BLUE (WA)","Bigfoot Silver U16"
"BIFC Blue B01","BIFC B01","Crossfire Select U16"
"BIFC Blue B01","BIFC B'01 Blue","River Jam Samba U16"
"BIFC Blue B02","BIFC B02 Blue","Blast Off B2001-02 B"
"Blackhills FC Black B01","Blackhills FC B01 Black","Capital Cup BU16"
"Blackhills FC Black B01","BLACKHILLS FC B 01 BLACK (WA)","Nike Crossfire Challenge Silver Group U16"
"Blackhills FC Black B01","32 Blackhills FC B01 Black","Pacific Coast Challenge COPA U16"
"Blackhills FC Black B01","Blackhills FC B01 Black A","RCL B01 Div 4"
"Blackhills FC Black B01","Blackhills FC B01 Black A","WYS Presidents Cup B01 Div 2"
"Blackhills FC Black B02","Blackhills FC B02 Black","Tyee Cup B01-02 Gold"
"Blast Eliasz B01","BLAST (ELIASZ)","LV Thanksgiving Classic LVTC U16 Boys Silver Elite"
"Blue Mountain Jaguars B01","BLUE MOUNTAIN JAGUARS B01 (WA)","Oswego Nike Cup Boys U16"
"Boise Nationals Timbers Blue B01","BOISE NATIONALS TIMBERS U16 2001 BLUE (ID)","NV Players Showcase Caesars U16"
"Boise Nationals Timbers Blue B01","BOISE NATIONALS TIMBERS U16 2001 BLUE","Spr Idaho D3 U15/16 Boys Division 1"
"Boise Nationals Timbers Blue B01","BOISE NATIONALS TIMBERS U16 2001 BLUE (ID)","ID State Cup Boys U16 U16"
"Boise Nationals Timbers Blue B02","BOISE NATIONALS TIMBERS U15 2002 BLUE","Spr Idaho D3 U15/16 Boys Division 1"
"Boise Nationals Timbers Red B01","BOISE NATIONALS TIMBERS U16 2001 RED (ID)","Timbers Winter Showcase 2001 Showcase U16"
"Boise Nationals Timbers Red B01","BOISE NATIONALS TIMBERS U16 2001 RED","Spr Idaho D3 U15/16 Boys Division 1"
"Boise Nationals Timbers Red B01","BOISE NATIONALS TIMBERS U16 2001 RED (ID)","ID State Cup Boys U16 U16"
"Boise Nationals Timbers Red B02","BOISE NATIONALS TIMBERS U15 2002 RED","Spr Idaho D3 U15/16 Boys Division 1"
"Bonivital Flames B01","BONIVITAL FLAMES (CANADA)","SX Cup Boys U16 Premier - Tier 1 U16"
"Bozeman Blitzz Blue B01","BLITZZ FC BLUE U16 (MT)","PVSC Spring Classic BU16 U16"
"Bozeman Blitzz Blue B02","BLITZZ FC BLUE 2002B-PR","Performance Cup U15/16B Silver"
"Bozeman Blitzz Gold B02","BLITZZ FC GOLD 2002B-PR","Performance Cup U15/16B Gold"
"Breakers Black B01","BREAKERS FC 2001 BLACK-OWEN (WA)","Les Schwab NW Cup Boys U16 U16"
"Breakers Black B01","BREAKERSBREAKERS FC BLACK B01","Mt Hood Challenge Boys U16 Premier"
"Breakers Black B01","IEYSA Breakers FC - Black B01 Owen","PSPL WSPL 1 U16"
"Breakers Black B01","B01 Breaker FC Black-Owen","Seattle United Cup BU16"
"Breakers Black B01","BREAKERS FCBREAKERS FC 2001 BLACK-OWEN","Spokane Cup Boys 15/16"
"Breakers Red B01","BREAKERS FC B01 BREAKERS FC RED-STRASSER (WA)","Les Schwab NW Cup Boys U16 U16"
"Breakers Red B01","IEYSA Breakers FC - Red B01 Strasser","PSPL-Inland Copa 1 U16"
"BRYC Elite B01","BRYC 01 Elite (VA)","USYS National League U16"
"BSC HR Black B01","BSC OREGONBSC HOOD RIVER BLACK B01","Mt Hood Challenge Boys U16 Gold"
"BSC Portland Black B01","BSC Portland 01B Black FWRL","FWRL B01"
"BSC Portland Black B01","BSC OREGON 01B BLACK (OR)","Timbers Winter Showcase 2001 Showcase U16"
"BSC Portland Black B01","BSC Portland 01B Black FWRL","Win OYS B01 Premier"
"BSC Portland Black B01","BSC Portland 01B Black FWRL","OYS State Cup B01"
"BSC Portland Gold B01","BSC 01B Gold","Win OYS B01 Division 1 Green"
"BSC Portland Gold B01","BSC 01B Gold","OYS Presidents Cup B01"
"BSC Portland Grey B01","BSC 01B Grey","Win OYS B01 Division 1 White"
"BSC Portland White B01","BSC 01B White","Win OYS B01 Division 1 White"
"BSC Portland White B01","BSC 01B White","OYS Presidents Cup B01"
"BYSL Ballistic SC B99","BYSL U16 BOYS BALLISTIC SC","Yellowstone Cup Gold"
"BYSL Elite United B01","BYSL ELITE UNITED (ID)","PVSC Spring Classic BU16 U16"
"BYSL Elite United B01","BYSL ELITE UNITED '01 BOYS","Performance Cup U15/16B Silver"
"BYSL Odyssey United B99","BYSL ODYSSEY BURTENSHAW","Yellowstone Cup Gold"
"Cal Odyssey BR B01","CALIFORNIA ODYSSEY SC COSC 01BR (AKHTAR) (CAN)","NV Players Showcase Bellagio U16"
"Calgary Blizzard Spurs B01","BLIZZARD SPURS (CND)","SX Cup Boys U16 Premier - Tier 1 U16"
"California Football Academy B01","CA Football Academy-San Clemente B01 Echeverria","SCDL Fl1 U16"
"California Northstars B01","SACYSL CALIFORNIA NORTHSTARS 01B","FWRL CAN CRL U16"
"Canyon Optimist Inferno B02","INFERNO","Spr Idaho D3 U15/16 Division 2 South"
"Capital FC Timbers Red B01","CFCT 2001 Boys Red","Beaverton Cup BU16 Silver"
"Capital FC Timbers Red B01","CFC Timbers 2001 Boys Red","Capital Cup BU16"
"Capital FC Timbers Red B01","Capital FC Timbers 01B Soboll","Win OYS B01 Division 1 Green"
"Capital FC Timbers Red B01","Capital FC Timbers 01B Soboll","OYS Presidents Cup B01"
"Cascade Rush Steelheaders B01","Cascade Rush Steelhead Junior","Capital Cup BU16"
"Cascade Rush Steelheaders B01","Cascade Rush 01B","Win OYS B01 Premier"
"Cascade Rush Steelheaders B01","Cascade Rush 01B","OYS Presidents Cup B01"
"CASL Red North B01","01 CASL Red North (NC)","USYS National League U16"
"CB United B01","CB United FC B01","PSPL-Inland Copa 1 U16"
"CGA Academy SC Elite B01","CGA ACADEMY SCELITE 17'S","FC Nova Fall Showcase U15 Boys"
"CGA Academy SC Elite B01","CGA ACADEMY SC ELITE","Spr Idaho D3 U15/16 Boys Division 1"
"CGA Academy SC Elite B01","CGA ACADEMY SC ELITE (ID)","PVSC Spring Classic BU16 U16"
"CGA Academy SC Elite B01","CGA ACADEMY SC ELITE (ID)","ID State Cup Boys U16 U16"
"Challenge FC Blue B01","CHALLENGE FCGILBERT 01B BLUE","LV Thanksgiving Classic LVTC U16 Boys Gold"
"Charlotte SA Predator B01","01 CSA Predator (NC)","USYS National League U16"
"Chula Vista Premier FC Academy B01","Chula Vista FC","Nomads Thanksgiving 1st Division U16"
"Cincinnati United Gold B01","CINCINNATI UNITED CUP 01 GOLD (OS)","NV Players Showcase USYS National League U16"
"Clovis Crossfire Blue B01","CLOVIS CROSSFIRE 01B BLUE (CAN)","NV Players Showcase Bellagio U16"
"Clovis Crossfire Blue B01","CLOVIS CROSSFIRE 01B BLUE (CAN)","Albion Cup 2001 PUMA VELITE U16"
"Coastal FC B01","Coastal FC","BCSPL 2001 U15"
"Coastal FC B01","Coastal FC 01","Whitecaps Invitational U16"
"Colorado Rush B01","COLORADO RUSH 01 (CO)","NV Players Showcase Bellagio U16"
"Columbia United Hermiston Heat B01","Hermiston United - BU16","Win OYS B01 Division 1 Green"
"Columbia United Hermiston Heat B01","Hermiston United 01B","Win OYS B01 Division 1 Green"
"Columbia United Hermiston Heat B01","Hermiston United 01B","OYS Presidents Cup B01"
"Concorde Fire Central Elite B01","Concorde Fire Central Elite (GA)","USYS National League U16"
"Coquitlam Metro Ford Athletico B01","CMFSC ATLETICO (CANADA)","SX Cup Boys U16 Metro - Tier 2 U16"
"Coquitlam Metro Ford Slovan B01","CMFSC SLOVAN (CANADA)","SX Cup Boys U16 Premier - Tier 1 U16"
"Coquitlam Metro Ford Slovan B01","Coquitlam Metro-Ford SC","BCSPL 2001 U15"
"Coquitlam Metro Ford Slovan B01","Coquitlam Metro Ford Slovan","Whitecaps Invitational U16"
"Corinthians B01","CORINTHIANS SC CORINTHIANS B01 (CAS)","Manchester City Cup Gold U16"
"Cosmos United B01","VILLAGE OF THE BRANCH - LIU 01 COSMOS UNITED (NYE)","NV Players Showcase USYS National League U16"
"Cosmos United B01","Village of the Branch Cosmos United 2001 (NY-E)","USYS National League U16"
"Crescenta Valley SC Navy B01","CRESCENTA VALLEY SC 2001 NAVY (CAS)","NV Players Showcase Bellagio U16"
"Crescenta Valley SC Navy B01","CRESCENTA VALLEY SC 2001 NAVY (CAS)","Manchester City Cup Gold U16"
"Crossfire Oregon Green I B01","CROSSFIRE OREGONCROSSFIRE OREGON B01 GREEN 1","Mt Hood Challenge Boys U16 Gold"
"Crossfire Oregon Green I B01","WA Timbers FC 01B Green 1","Summer Slam Gold/Silver U16"
"Crossfire Oregon Green I B01","Crossfire Oregon 01B Green 1","Win OYS B01 Division 1 Green"
"Crossfire Oregon Green I B01","Crossfire Oregon 01B Green 1","OYS State Cup B01"
"Crossfire Oregon Green II B01","CROSSFIRE OREGONCROSSFIRE OREGON B01 GREEN II","Mt Hood Challenge Boys U16 Silver/Bronze"
"Crossfire Oregon Green II B01","CROSSFIRE ORB'01 GREEN 2","PCU Summer Classic U15-U16 Boys Black"
"Crossfire Oregon Green II B01","WA Timbers FC 01B Green 2","Summer Slam Gold/Silver U16"
"Crossfire Premier A B01","CROSSFIRE PREMIER B01 A (WA)","Nike Crossfire Challenge Super Group U16"
"Crossfire Premier A B01","Crossfire Premier B01 A","RCL B01 Div 1"
"Crossfire Premier A B01","CROSSFIRE PREMIER B2001 A (WA)","Surf Cup Super Black U16"
"Crossfire Premier A B01","CROSSFIRE B01A HARRIS (WA)","Surf College Showcase Super White U16"
"Crossfire Premier A B01","Crossfire Premier B01 A","WYS Championship B01"
"Crossfire Premier B B01","CROSSFIRE PREMIER B01 B (WA)","Nike Crossfire Challenge Gold Group U16"
"Crossfire Premier B B01","Crossfire Premier B01 B","RCL B01 Div 2"
"Crossfire Premier B B01","CROSSFIRE PREMIER B01 B LEE (WA)","REDAPT Cup Gold U16"
"Crossfire Premier B B01","CROSSFIRE PREMIER B01 B LEE (USA)","WA Rush Cup B01 Gold U16"
"Crossfire Premier B B01","Crossfire Premier B01 B","RCL B01 7V2"
"Crossfire Premier B B01","Crossfire Premier B01 B","WYS Presidents Cup B01 Div 1"
"Crossfire Premier C B01","CROSSFIRE PREMIER B01 C (WA)","Nike Crossfire Challenge Silver Group U16"
"Crossfire Premier C B01","Crossfire Premier B01 C","RCL B01 Div 3"
"Crossfire Premier C B01","CROSSFIRE PREMIER B01 C (WA)","REDAPT Cup Gold U16"
"Crossfire Premier C B01","CROSSFIRE PREMIERCROSSFIRE PREMIER B01 C","Snohomish United Invit Gold"
"Crossfire Premier C B01","Crossfire Premier B01 C","WYS Presidents Cup B01 Div 2"
"Crossfire Select Greenwalt B01","Crossfire Select B01 Greenwalt","Crossfire Select U16"
"Crossfire Select Greenwalt B01","Crossfire Select B01 Greenwalt","NPSL Division 1 (01) U16"
"Crossfire Select Greenwalt B01","Crossfire Select 2001 Greenwalt","RVS Classic BU16"
"Crossfire Select Greenwalt B01","Crossfire Select B01 Greenwalt","Summer Slam Gold/Silver U16"
"Crossfire Select Greenwalt B01","Crossfire Select B01 Greenwalt","PacNW Winter Classic Premier U16"
"Crossfire Select Greenwalt B01","CFS B01 - Gold - Greenwalt","WYS Presidents Cup B01 Div 1"
"Crossfire Select OMelia B02","CROSSFIRE SELECTO'MELIA B02","PCU Summer Classic U15-U16 Boys Black"
"Crossfire Select Perry B01","Crossfire Select B01 Perry","Crossfire Select U16"
"Crossfire Select Perry B01","Crossfire Select B01 Perry","NPSL Division 3 (01) U16"
"Crossfire Select Perry B01","Crossfire Perry B2001","Seattle United Cup BU16"
"Crossfire Select Perry B01","CFS B01 - Silver - Perry","Founders Cup B01 Div A"
"Crossfire Select Taylor B01","49 Crossfire Select B01 Taylor","Baker Blast U15-16"
"Crossfire Select Taylor B01","LWYSA CROSSFIRE SELECT B01 TAYLOR (WA)","Bigfoot Gold U16"
"Crossfire Select Taylor B01","Crossfire Select B01 Taylor","Crossfire Select U16"
"Crossfire Select Taylor B01","Crossfire Select B01 Taylor","NPSL Division 1 (01) U16"
"Crossfire Select Taylor B01","CFS B01 - Gold - Taylor","Founders Cup B01 Div A"
"Crossfire Sunnyside B01","CROSSFIRE SUNNYSIDE (WA)","Nike Crossfire Challenge Super Group U16"
"Crossfire Yakima A B01","Crossfire Yakima -B01 A","RCL B01 Div 1"
"Crossfire Yakima A B01","Crossfire Yakima -B01 A","WYS Championship B01"
"Crossfire Yakima B B02","Crossfire Yakima 2002","Xtreme Cup BU16 Gold"
"CSC Storm B01","CSC 01B","Beaverton Cup BU16 Silver"
"CSC Storm B01","CSC 01B","Capital Cup BU16"
"CUP Gold B01","CUP Gold 01 (OH-S)","USYS National League U16"
"Davis Legacy Red B01","LEGACY 02/01 RED","LV Thanksgiving Classic LVTC U16 Boys Gold"
"Davis Legacy Red B01","LEGACY 02/01 RED","NHB Cup Flight 1"
"Davis Legacy Red B01","Davis Legacy 01 Red","Nomads Thanksgiving 1st Division U16"
"Davis Legacy Red B01","DAVIS LEGACY 01 RED (CAN)","NV Players Showcase Bellagio U16"
"Davis Legacy Red B01","DAVIS LEGACY 01 RED","NorCal NPL 01 NPL 1 East"
"Davis Legacy White B01","DAVIS LEGACY 01 WHITE (CAN)","NV Players Showcase Bellagio U16"
"Del Mar Sharks White B01","DMCV Sharks B2001 - Bodnar","SCDL Fl1 U16"
"Del Mar Sharks White B01","DEL MAR SHARKS DMCV SHARKS BODNAR 2001 (CAS)","Albion Cup 2001 PUMA VELITE U16"
"Diablo FC B01","DIABLO FC 01B (CAN)","NV Players Showcase Bellagio U16"
"Downtown LVSC Academy B01","DOWNTOWN LVSC 01 ACADEMY","FWRL Desert 2001 U16"
"Downtown LVSC Academy B01","DOWNTOWN LVSC 01 ACADEMY (NV)","NV Players Showcase Bellagio U16"
"Downtown LVSC Academy B01","DOWNTOWN LVSC 01 ACADEMY (NV)","Manchester City Cup Gold U16"
"Eastside FC Blue B01","EFC B01 Blue","Eastside FC Cup BU16"
"Eastside FC Blue B01","EFC B01 Blue","Labor Day Cup BU16 Silver"
"Eastside FC Blue B01","Eastside FC B01 Blue","Rainier Challenge Copa U16"
"Eastside FC Blue B01","Eastside FC B01 Blue C","RCL B01 Div 4"
"Eastside FC Blue B01","Eastside FC B01 Blue C","WYS Presidents Cup B01 Div 2"
"Eastside FC Red B01","Eastside FC B01 Red","FWRL B01"
"Eastside FC Red B01","Eastside FC B01 Red A","RCL B01 Div 1"
"Eastside FC Red B01","EASTSIDE FC BOYS 01 RED (WA)","Surf Cup Black U16"
"Eastside FC Red B01","Eastside FC B01 Red A","WYS Championship B01"
"Eastside FC White B01","Eastside FC B01 White","Eastside FC Cup BU16"
"Eastside FC White B01","Eastside FC B01 White","Rainier Challenge Copa U16"
"Eastside FC White B01","Eastside FC B01 White B","RCL B01 Div 3"
"Eastside FC White B01","Eastside FC B01 White B","RCL B01 7V2"
"Eastside FC White B01","Eastside FC B01 White","PacNW Winter Classic Premier U16"
"Eastside FC White B01","Eastside FC B01 White B","WYS Presidents Cup B01 Div 1"
"Eastside FC White B01","EASTSIDE FC B01 WHITE (WA)","Albion Cup 2001 Cup U16"
"Eastside Timbers Black B01","EASTSIDE TIMBERSET BLACK B01","Mt Hood Challenge Boys U16 Gold"
"Eastside Timbers Black B01","EASTSIDE TIMBERS 2001 BOYS BLACK (OR)","Oswego Nike Cup Boys U16"
"Eastside Timbers Black B01","EASTSIDE TIMBERS 2001 BOYS BLACK (OR)","Timbers Winter Showcase 2001 Showcase U16"
"Eastside Timbers Black B01","Eastside Timbers 01B Black","Win OYS B01 Division 1 Green"
"Eastside Timbers Black B01","Eastside Timbers 01B Black","OYS Presidents Cup B01"
"Eastside Timbers Red B01","EASTSIDE TIMBERSET RED B01","Mt Hood Challenge Boys U16 Premier"
"Eastside Timbers Red B01","EASTSIDE TIMBERS 2001 U16 RED EASTSIDE TIMBERS (OR)","Nike Crossfire Challenge Super Group U16"
"Eastside Timbers Red B01","EASTSIDE TIMBERS 2001 U16 RED EASTSIDE TIMBERS (OR)","Oswego Nike Cup Boys U16"
"Eastside Timbers Red B01","EastSide Timbers 01B Red Ajax FWRL","FWRL B01"
"Eastside Timbers Red B01","EASTSIDE TIMBERS FC 2001 U16 RED EASTSIDE TIMBERS (OR)","Timbers Winter Showcase 2001 Showcase U16"
"Eastside Timbers Red B01","EastSide Timbers 01B Red Ajax FWRL","Win OYS B01 Premier"
"Eastside Timbers Red B01","EastSide Timbers 01B Red Ajax FWRL","OYS State Cup B01"
"Eastside Timbers White B01","Eastside Timbers 01B White","Win OYS B01 Division 1 White"
"Eastside Timbers White B01","Eastside Timbers 01B White","OYS Presidents Cup B01"
"Eclipse FC B01","Eclipse FC Eclipse B01","PSPL WSPL 2 U16"
"Eclipse FC B01","ECLIPSE FC 01 (WA)","REDAPT Cup Silver U16"
"Eclipse FC B01","Eclipse FC 2001","Sounders FC Cup BU16 Gold"
"Eclipse FC B01","Eclipse FC BU16","Starfire Spring Classic BU16"
"Eclipse FC B01","ECLIPSE FC 01 (WA)","WA Rush Cup B01 Gold U16"
"Eclipse FC B01","ECLIPSE FC ECLIPSE B01 (WA)","WA Cup HS Gold U16"
"Edmond Premier Titans B01","Edmond Premier Soccer Academy Centralia City Soccer Academy B01","PSPL Classic 2 U16"
"Edmond Premier Titans B01","Lacey City Soccer Academy Titans","River Jam Samba U16"
"Edmond Premier Titans B01","Centralia City Soccer Academy","Xtreme Cup BU16 Silver"
"Edmonton Scottish B01","Edmonton Scottish","Whitecaps Invitational U16"
"El Camino Real Salinas Galaxy B01","EC REAL SALINAS GALAXY 01B","FWRL CAN CRL U16"
"El Camino Real Salinas Galaxy B01","EC REAL SALINAS GALAXY 01B (CAN)","NV Players Showcase USYS National League U16"
"El Camino Real Salinas Galaxy B01","EC Real Salinas Galaxy 01 (CA-N)","USYS National League U16"
"Elgin Pumas Gold B01","ELGIN PUMAS GOLD","LV Thanksgiving Classic LVTC U16 Boys Gold"
"Elite Futbol Elite B01","ELITE FUTBOL U-16 ELITE FC","Performance Cup U15/16B Silver"
"Emerald City FC Green B01","Emerald City FC M01 Green","PSPL Classic 1 U16"
"Emerald City FC Green B01","EMERALD CITY FCECFC M01 WHITE","Snohomish United Invit Gold"
"Emerald City FC Green B01","EMERALD CITY FC ECFC M01 GREEN (WA)","WA Cup HS Silver U16"
"Encinitas Express White B01","ENCINITAS EXPRESS EXPRESS B2001 (CAS)","NV Players Showcase Bellagio U16"
"Escondido SC Heat Blue B01","ESCONDIDO SCFC HEAT PREMIER 2001 BLUE","LV Thanksgiving Classic LVTC U16 Boys Gold"
"Escondido SC Heat Blue B01","ESCONDIDO SC FC HEAT PREMIER 2001 BLUE (CAS)","Manchester City Cup Gold U16"
"Estudiantes FC B01","Estudiantes FC BU16","Capital Cup BU16"
"ETFC Dortmund Black B02","ETFC 02B Dortmund Black","Beaverton Cup BU16 Silver"
"ETFC Valencia Black B01","ETFC Valencia Black","Beaverton Cup BU16 Silver"
"ETFC Valencia Black B01","Eugene Timbers FC 01 Valencia Black","Clash At the Border Gold/Silver U16"
"ETFC Valencia Black B01","EUGENE TIMBERS FCETFC 01B VALENCIA BLACK","Mt Hood Challenge Boys U16 Gold"
"ETFC Valencia Black B01","ETFC 01B Valencia Black","Win OYS B01 Premier"
"ETFC Valencia Black B01","ETFC 01B Valencia Black","OYS State Cup B01"
"ETFC Valencia Red B01","ETFC 01B Valencia Red","Win OYS B01 Division 1 White"
"ETFC Valencia Red B01","ETFC 01B Valencia Red","OYS Presidents Cup B01"
"European Football School B01","48 European Football School","Baker Blast U15-16"
"FC Boise B02","FC BOISE","FC Nova Fall Showcase U15 Boys"
"FC Boise B02","FC BOISE","Spr Idaho D3 U15/16 Division 2 South"
"FC Dallas Premier B01","FC Dallas B01 Premier","Nomads Thanksgiving 1st Division U16"
"FC Edmonds Riptide B01","FC Edmonds Riptide","PSPL Classic 1 U16"
"FC Edmonds Riptide B01","FC EDMONDS RIPTIDE (WA)","REDAPT Cup Silver U16"
"FC Edmonds Riptide B01","F.C. Edmonds - Riptide","RVS Classic BU16"
"FC Edmonds Riptide B01","FC EDMONDS RIPTIDE (WA)","WA Cup HS Silver U16"
"FC Edmonds Sting B02","FCE Sting","Sky River BU16"
"FC Edmonds Sting B02","Edmonds Sting","Sky River BU16"
"FC Elk Grove Platinum B01","FC ELK GROVE 01B PLATINUM 1 (CAN)","NV Players Showcase Caesars U16"
"FC Golden State Academy B01","FC Golden State - 2001 OC","FWRL CAS B01"
"FC Golden State B01","FC GOLDEN STATE 2001 (CAS)","Surf Cup Super White U16"
"FC Golden State B01","FC GOLDEN STATE 2001 (CAS)","NV Players Showcase Caesars U16"
"FC Golden State B01","FC GOLDEN STATE 2001","NHB Cup Flight 1"
"FC Golden State Black B01","FC Golden State - 2001 (CA-S)","USYS National League U16"
"FC Golden State Black B01","FC GOLDEN STATE 2001 (CAS)","NV Players Showcase USYS National League U16"
"FC Golden State Black B01","FC GOLDEN STATE B01 BLACK (CAS)","Surf Cup Super Black U16"
"FC Golden State Black B01","FC GOLDEN STATEFC GOLDEN STATE B01 BLACK","NHB Cup Flight 1"
"FC Golden State PDA B01","FC GOLDEN STATE PDA 01 (CAS)","Surf Cup Super Black U16"
"FC Nova Gold B01","FC NOVA2001 BOYS GOLD","FC Nova Fall Showcase U15 Boys"
"FC Nova Gold B01","FC NOVA GOLD 01 (ID)","NV Players Showcase Caesars U16"
"FC Nova Gold B01","FC NOVA GOLD 01","Spr Idaho D3 U15/16 Boys Division 1"
"FC Nova Gold B01","FC NOVA GOLD 01","Performance Cup U15/16B Gold"
"FC Nova Gold B01","FC NOVA GOLD 01 (ID)","ID State Cup Boys U16 U16"
"FC Nova Gold B02","FC NOVA GOLD 02","FC Nova Fall Showcase U15 Boys"
"FC Nova Gold B02","FC NOVA GOLD 02","Spr Idaho D3 U15/16 Boys Division 1"
"FC Nova Gold B02","FC NOVA GOLD 02","Performance Cup U15/16B Gold"
"FC Nova Red B01","FC NOVA2001 BOYS RED","FC Nova Fall Showcase U15 Boys"
"FC Nova Red B01","FC NOVA RED 01","Spr Idaho D3 U15/16 Division 2 North"
"FC Portland -Unk B01","FC Portland Boys 2001","Clash At the Border Bronze U16"
"FC Portland Navy B01","FCP Boys 2001","Beaverton Cup BU16 Gold"
"FC Portland Navy B01","FC PORTLAND ACADEMY FC PORTLAND 2001 BOYS NAVY (OR)","Oswego Nike Cup Boys U16"
"FC Portland Navy B01","FC PORTLAND ACADEMY FC PORTLAND 2001 BOYS NAVY (OR)","Timbers Winter Showcase 2001 Showcase U16"
"FC Portland Navy B01","FC Portland 01B NAVY","Win OYS B01 Premier"
"FC Portland Navy B01","FC PORTLAND ACADEMY FC PORTLAND 2001 BOYS NAVY (OR)","NV Players Showcase Bellagio U16"
"FC Portland Navy B01","FC Portland 01B NAVY","OYS State Cup B01"
"FC Portland White B01","FC PORTLAND BOYS 2001 WHITE (OR)","Timbers Winter Showcase 2001 Showcase U16"
"FC Portland White B01","FC Portland 01B WHITE","Win OYS B01 Division 1 Green"
"FC Portland White B01","FC Portland 01B WHITE","OYS Presidents Cup B01"
"FC Premier Long Beach B01","FC Premier Long Beach B01 - Sanchez","Nomads Thanksgiving 1st Division U16"
"FC Premier Long Beach B01","FC PREMIER B01 SANCHEZ (CAS)","NV Players Showcase Bellagio U16"
"FC Pride Elite Red B01","FC PRIDE 01 ELITE RED (IN)","NV Players Showcase Bellagio U16"
"FC Spokane Black Lee B02","FC SPOKANE B02 - LEE (WA)","River City Challenge Boys U15-U16 ('02-'01) U16"
"FC Spokane Black Lee B02","FC SPOKANE B02 BLACK - LEE","Spr IPL Boys 01-02 U16"
"FC Spokane Triplett B01","FC SPOKANE TRIPLETT U01B (WA)","Les Schwab NW Cup Boys U16 U16"
"FC Spokane Triplett B01","FC SPOKANE TRIPLETT U01B (WA)","River City Challenge Boys U15-U16 ('02-'01) U16"
"FC West Inter B01","FC West Inter","Clash At the Border Gold/Silver U16"
"FC West Inter B01","FC WEST INTER","Mt Hood Challenge Boys U16 Premier"
"FC West Inter B01","FC WEST INTER (OR)","Timbers Winter Showcase 2001 Showcase U16"
"FC West Inter B01","FC West 01B Inter FWRL","Win OYS B01 Premier"
"FC West Inter B01","FC West Inter","FWRL B01"
"FC West Inter B01","FC West 01B Inter FWRL","OYS State Cup B01"
"FC West Vipers B01","FC West 01B","Win OYS B01 Division 1 White"
"FC West Vipers B01","FC West 01B","OYS Presidents Cup B01"
"FC West Vipers B01","FCW Vipers","Beaverton Cup BU16 Gold"
"FC West Vipers B01","FC West Vipers","Clash At the Border Gold/Silver U16"
"FC West Vipers B01","FC WEST VIPERS (OR)","Nike Crossfire Challenge Gold Group U16"
"FME Xtreme B01","FME Extreme B01","Blast Off B2001 B"
"FME Xtreme B01","FME Xtreme B01","NPSL Division 3 (01) U16"
"FME Xtreme B02","FME Xtreme B02","Blast Off B2001-02 B"
"FPSC Fury Black B01","FPSC FURY B01 Black","Labor Day Cup BU16 Gold"
"FPSC Fury Black B01","FPSC FURY B01 BLACK (WA)","Nike Crossfire Challenge Silver Group U16"
"FPSC Fury Black B01","FPSC Fury B01 Black","PSPL WSPL 2 U16"
"FPSC Fury Black B01","FPSC FURY B01 BLACK (WA)","WA Rush Cup B01 Silver U16"
"FPSC Fury Black B01","FPSC Fury B01 Black","PacNW Winter Classic Premier II U16"
"FPSC Fury Black B01","FPSC FURY B01 BLACK (WA)","WA Cup HS Gold U16"
"FRAM Premier B01","FRAM B01-BRITTON (CAS)","Surf Cup Super White U16"
"FRAM Premier B01","FRAM B01-Britton","FWRL CAS B01"
"FRAM Premier B01","FRAM B01-BRITTON (CAS)","NV Players Showcase Caesars U16"
"FRAM Premier II B01","FRAM 01 ARAMBASIC (CAS)","NV Players Showcase Caesars U16"
"Fraser Valley Selects B01","Fraser Valley Prem 2001B","Labor Day Cup BU16 Gold"
"Fraser Valley Selects B01","Fraser Valley Premier","BCSPL 2001 U15"
"Fraser Valley Selects B01","Fraser Valley Premier 01","Whitecaps Invitational U16"
"Freedom FC Blue B01","Freedom FC B01 Blue","Nomads Thanksgiving 1st Division U16"
"Freedom FC Blue B01","FREEDOM FC B01 BLUE (CAS)","Manchester City Cup Gold U16"
"Fuerza FC Academy B01","FUERZA FC ACADEMY B01/02 (WA)","Bigfoot Silver U16"
"Fuerza FC Academy B01","Fuerza FC Academy 01/02","PSPL Classic 2 U16"
"Fuerza FC Academy B01","Fuerza FC Academy 01/02","Cranberry Cup U15-16"
"Fuerza FC Academy B01","FUERZA FC ACADEMY B01/02 (WA)","WA Cup HS Bronze U16"
"Fullerton Rangers Blue B01","FULLERTON RANGERS B01 BLUE (CAS)","Surf Cup Super Black U16"
"Fullerton Rangers Blue B01","FULLERTON RANGERS B01 BLUE (CAS)","NV Players Showcase Bellagio U16"
"Fullerton Rangers White B01","Fullerton Rangers 2001 White","Nomads Thanksgiving 1st Division U16"
"Fusion FC B01","FUSION 2001 (CND)","SX Cup Boys U16 Premier - Tier 1 U16"
"Fusion FC B01","Fusion FC","BCSPL 2001 U15"
"Fusion FC B01","Fusion FC 01","Whitecaps Invitational U16"
"FWFC Blue B01","FWFC B01 Blue (A)","RCL B01 Div 2"
"FWFC Blue B01","FWFC B01 BLUE (WA)","WA Rush Cup B01 Gold U16"
"FWFC Blue B01","FWFC B01 Blue","PacNW Winter Classic Premier U16"
"FWFC Blue B01","FWFC B01 Blue (A)","WYS Presidents Cup B01 Div 1"
"FWFC Falconz B01","FWFC Falconz B01","Blast Off B2001-02 B"
"FWFC Select B01","FWFC B01 Select","Blast Off B2001 B"
"FWFC Select B01","FWFC B01 Select","Crossfire Select U16"
"FWFC Select B01","FWFC B01 Select","NPSL Division 1 (01) U16"
"FWFC Select B01","FWFC B01 Select","Xtreme Cup BU16 Gold"
"FWFC Select B01","FWFC B01 Select","Founders Cup B01 Div A"
"Gala FC B01","GALA FC-01 BAXTER","Central WA Super Cup Boys U16 Gold"
"Gala FC B01","Gala FC BU01","PSPL WSPL 2 U16"
"Gala FC B01","Gala FC [B01]","Sky River BU16"
"Gala FC B01","Gala FC","Starfire Spring Classic BU16"
"Global Premier Soccer North B01","GLOBAL PREMIER SOCCER NATIONAL NORTH (MA)","Surf Cup Super White U16"
"GOL GSA Premier B01","GSA 01 Premier (GA)","USYS National League U16"
"GS Surf A B01","GS Surf B01 A","FWRL B01"
"GS Surf A B01","GREATER SEATTLE SURF SC GS SURF B01A (WA)","Nike Crossfire Challenge Super Group U16"
"GS Surf A B01","GS Surf B01 A","RCL B01 Div 1"
"GS Surf A B01","GREATER SEATTLE SURF SC B01A (WA)","Surf Cup Super White U16"
"GS Surf A B01","GS Surf B01 A","WYS Championship B01"
"GS Surf B B01","Greater Seattle Surf B01 White","Rainier Challenge Copa U16"
"GS Surf B B01","GS Surf B01 B","RCL B01 Div 2"
"GS Surf B B01","GS SURF B01 B (WA)","REDAPT Cup Gold U16"
"GS Surf B B01","Greater Seattle Surf B01 White","Sounders FC Cup BU16 Gold"
"GS Surf B B01","GS Surf B01 B","WYS Presidents Cup B01 Div 1"
"Guildford Dynamo B01","GAC DYNAMO FC (CND)","SX Cup Boys U16 Gold - Tier 3 U16"
"Harbor Barracudas B01","HARBOR BARRACUDAS","Mt Hood Challenge Boys U16 Silver/Bronze"
"Harbor Premier Green B01","HARBOR PREMIER B01' GREEN (WA)","Nike Crossfire Challenge Silver Group U16"
"Harbor Premier Green B01","Harbor Premier B01 Green A","RCL B01 Div 3"
"Harbor Premier Green B01","Harbor Premier FC B01 Green","RVS Classic BU16"
"Harbor Premier Green B01","Harbor Premier B01-02","Tyee Cup B01-02 Gold"
"Harbor Premier Green B01","Harbor Premier B01 Green A","WYS Presidents Cup B01 Div 1"
"Harbor Premier White B01","Harbor Premier B01 White","Dungeness Cup BU16 Olympic"
"Harbor Premier White B01","Harbor Premier B01 White B","RCL B01 Div 4"
"Harbor Premier White B02","Harbor Premier B02 White B","RCL B01 Div 4"
"Hawaii Rush B01","HAWAII RUSH 01B (HI)","NV Players Showcase Bellagio U16"
"Helena Arsenal Blue B01","HELENA ARSENAL SC BLUE 2001B-SE","Performance Cup U15/16B Silver"
"Highline Premier Heat Blue B01","HIGHLINE PREMIER FC HEAT","Central WA Super Cup Boys U16 Gold"
"Highline Premier Heat Blue B01","Highline Premier FC Heat 01/02 Blue","PSPL Classic 2 U16"
"Highline Premier Heat Blue B01","HPFC Heat 01-02","Sounders FC Cup BU16 Silver"
"Highline Premier Heat Blue B01","HIGHLINE PREMIER FC HEAT 01/02 (WA)","WA Cup HS Bronze U16"
"Honolulu Bulls Academy B01","BULLS HSC BULLS ACADEMY 01B (HI)","NV Players Showcase Bellagio U16"
"HSC Atletico B02","HILLSBORO ATLETICO","PCU Summer Classic U15-U16 Boys Black"
"HSC Bayern Crusaders B01","HILLSBORO HSC U16 B","PCU Summer Classic U15-U16 Boys Red"
"HSC Bayern Crusaders B01","HILLSBOROHSC B01 BAYERN CRUSADERS","Mt Hood Challenge Boys U16 Silver/Bronze"
"HSC Bayern Crusaders B01","HSC 01B Bayern Crusaders","Win OYS B01 Division 1 Green"
"HSC Bayern Crusaders B01","HSC 01B Bayern Crusaders","OYS Presidents Cup B01"
"HSC River Plate B01","HILLSBOROHSC B01 RIVER PLATE","Mt Hood Challenge Boys U16 Premier"
"HSC River Plate B01","HSC River Plate","RVS Classic BU16"
"HSC River Plate B01","HSC 01B River Plate","Win OYS B01 Premier"
"HSC River Plate B01","HSC 01B River Plate","OYS State Cup B01"
"IDA-ORE FC Ontario B01","IDA-ORE FC ONTARIO","Spr Idaho D3 U15/16 Division 2 North"
"Idaho Arsenal United Pumas B01","ARSENAL UNITED PUMAS","Spr Idaho D3 U15/16 Boys Division 1"
"Idaho Arsenal United Pumas B01","ARSENAL UNITED PUMAS (ID)","ID State Cup Boys U16 U16"
"Idaho Arsenal United Pumas B01","ARSENAL UNITED PUMAS","Performance Cup U15/16B Gold"
"Idaho Rush Nero B01","IDAHO RUSHNERO (2002)","FC Nova Fall Showcase U15 Boys"
"Idaho Rush Nero B02","IDAHO RUSH NERO (2002)","Spr Idaho D3 U15/16 Division 2 North"
"Idaho Rush Premier B01","IDAHO RUSHIDAHO RUSH PREMIER (2001)","LV Thanksgiving Classic LVTC U16 Boys Silver Elite"
"Idaho Rush Premier B01","IDAHO RUSH PREMIER (2001) (ID)","NV Players Showcase Bellagio U16"
"Idaho Rush Premier B01","IDAHO RUSH PREMIER (2001)","Spr Idaho D3 U15/16 Boys Division 1"
"Idaho Rush Premier B01","IDAHO RUSH PREMIER (2001) (ID)","ID State Cup Boys U16 U16"
"Idaho Rush Premier B02","IDAHO RUSH PREMIER (2002)","Spr Idaho D3 U15/16 Boys Division 1"
"Idaho Storm Lightning B01","IDAHO STORM LIGHTNING","Spr Idaho D3 U15/16 Division 2 South"
"Idaho Storm Thunder B02","TVSC IDAHO STORM THUNDER","FC Nova Fall Showcase U15 Boys"
"Idaho Storm Thunder B02","IDAHO STORM THUNDER","Spr Idaho D3 U15/16 Division 2 North"
"IE Surf B01","IE SURF B01 HUGHES WEST (CAS)","NV Players Showcase Bellagio U16"
"IEYSA Valor Maroon B01","IEYSA Valor SC B01 Maroon Tucker","PSPL-Inland Copa 1 U16"
"IEYSA Valor Maroon B01","VALOR-TUCKER (WA)","River City Challenge Boys U15-U16 ('02-'01) U16"
"IEYSA Valor Maroon B02","VALOR HEALY B02 (USA)","River City Challenge Boys U15-U16 ('02-'01) U16"
"IFC Red B01","ISSAQUAH FC SELECT RED (WA)","Bigfoot Silver U16"
"IFC Red B01","IFC B01 Red/Schmeck","NPSL Division 3 (01) U16"
"IFC Red B01","Issaquah Red Schmeck","Sounders FC Cup BU16 Silver"
"IFC Red B01","IFC B01-Schmeck","Founders Cup B01 Div A"
"Illinois Galaxy Blue B01","GALAXY 2001 BLUE (FORMERLY 01-02 YELLOW) (IL)","NV Players Showcase USYS National League U16"
"Illinois Galaxy Blue B01","Galaxy Soccer Club (IL)","USYS National League U16"
"Illinois Raiders FC B01","RAIDERS FC - 2001 (IL)","NV Players Showcase USYS National League U16"
"Illinois Raiders FC B01","Raiders FC (IL)","USYS National League U16"
"Iowa ODP B01","IOWA ODP BOYS 2001 (IA)","NV Players Showcase Bellagio U16"
"Irvine Slammers B01","Irvine Slammers FC B01 PREMIER Trembly**","SCDL Fl1 U16"
"Irvine Slammers B01","IRVINE SLAMMERS FC B01 (CAS)","Albion Cup 2001 PUMA VELITE U16"
"ISC Gunners A B01","ISC Gunners B01A","Clash At the Border Gold/Silver U16"
"ISC Gunners A B01","ISC GUNNERS FC ISC GUNNERS B01 A (WA)","Nike Crossfire Challenge Super Group U16"
"ISC Gunners A B01","ISC Gunners B01A","PSPL WSPL 1 U16"
"ISC Gunners A B01","ISC GUNNERS FC B01 A (WA)","Surf Cup Super White U16"
"ISC Gunners A B01","ISC GUNNERS FC B01 A (WA)","Surf College Showcase Super White U16"
"ISC Gunners A B01","ISC Gunners B01A","PacNW Winter Classic Premier U16"
"ISC Gunners A B01","ISC GUNNERS FC ISC GUNNERS B01 A (WA)","WA Cup HS Gold U16"
"ISC Gunners B B01","ISC Gunners B01B","Labor Day Cup BU16 Silver"
"ISC Gunners B B01","ISC Gunners B01B","PSPL Classic 1 U16"
"ISC Gunners B B01","ISC GUNNERS FC ISC GUNNERS B01B (WA)","WA Rush Cup B01 Silver U16"
"ISC Gunners B B01","ISC Gunners B01 B","Xtreme Cup BU16 Silver"
"ISC Gunners B B01","ISC Gunners B01B","PacNW Winter Classic Premier II U16"
"ISC Gunners B B01","ISC GUNNERS FC ISC GUNNERS B01B (WA)","WA Cup HS Silver U16"
"Jefferson YSA B01","JEFFERSON YSA _NSP (ID)","PVSC Spring Classic BU16 U16"
"Kalonji Pro-profile B01","KALONJI KSA 01 PRO-PROFILE (GA)","NV Players Showcase USYS National League U16"
"Kalonji Pro-profile B01","KSA 01 Pro-Profile (GA)","USYS National League U16"
"Kamloops B01","KYSA KAMLOOPS FRESH IS BEST (CND)","SX Cup Boys U16 Gold - Tier 3 U16"
"Kelowna United B02","47 Kelowna United U14 Boys","Baker Blast U15-16"
"Kent United Green B01","KENT UNITED B01 GREEN (WA)","Bigfoot Gold U16"
"Kent United Green B01","KENT UNITEDKENT UNITED GREEN B01","Mt Hood Challenge Boys U16 Gold"
"Kent United Green B01","KENT UNITED KU B01 GREEN (WA)","Nike Crossfire Challenge Silver Group U16"
"Kent United Green B01","Kent United B01 Green","Rainier Challenge Copa U16"
"Kent United Green B01","Kent United - B01 Green A","RCL B01 Div 4"
"Kent United Green B01","Kent United - B01 Green A","WYS Presidents Cup B01 Div 2"
"Kent United Green B02","Kent United B02 Green","SSUL B01 Division 2"
"Kent United White B01","KU B01 White","Blast Off B2001 B"
"Kent United White B01","Kent United B01 White","KCC BU16"
"Kent United White B01","Kent United B01 White","NPSL Division 2 (01) U16"
"Kent United White B01","KU B01 White - BU16","Founders Cup B01 Div A"
"Kitsap Alliance FC Red B01","KITSAP ALLIANCE B01 KRUG","Labor Day Cup BU16 Gold"
"Kitsap Alliance FC Red B01","KITSAP ALLIANCE FC B01 A (WA)","Nike Crossfire Challenge Gold Group U16"
"Kitsap Alliance FC Red B01","Kitsap Alliance FC B01 A","RCL B01 Div 3"
"Kitsap Alliance FC Red B01","KAFC B01 Krug","US Club Regionals 2001"
"Kitsap Alliance FC Red B01","Kitsap Alliance FC B01 A","WYS Presidents Cup B01 Div 1"
"Kitsap Alliance FC White B01","Kitsap Alliance B01 B","Eastside FC Cup BU16"
"Kitsap Alliance FC White B01","Kitsap Alliance B01 B","Labor Day Cup BU16 Silver"
"Kitsap Alliance FC White B01","Kitsap Alliance FC B01 B","RCL B01 Div 4"
"Kitsap Alliance FC White B01","Kitsap Alliance Boys 01B","RVS Classic BU16"
"Kitsap Alliance FC White B01","Kitsap Alliance FC B01 B","WYS Presidents Cup B01 Div 2"
"La Esperanza B01","La Esperanza","FWRL CAS B01"
"La Esperanza B01","LA ESPERANZA","NHB Cup Flight 1"
"LA Galaxy Orange County B01","LA GALAXY OC B01 WAHL (CAS)","Manchester City Cup Gold U16"
"LA Galaxy San Diego Elite B01","LA GALAXY SAN DIEGO LAGSD B2001 ELITE-MALONE (CAS)","Surf Cup Super White U16"
"LA Galaxy San Diego Elite B01","LAGSD B01 Elite-Malone/Gurley","FWRL CAS B01"
"LA Galaxy San Diego Elite B01","LA GALAXY SAN DIEGO LAGSD B2001 ELITE-MALONE (CAS)","Surf College Showcase Super Black U16"
"LA Galaxy San Diego Elite II B01","LA GALAXY SAN DIEGO B01 ELITE II-PADDY (CAS)","Carlsbad Nov Nights College Showcase Elite U16"
"LA Galaxy San Diego Premier B01","LA GALAXY SAN DIEGO LAGSD B01 PREMIER-RATH (CAS)","Albion Cup 2001 Cup U16"
"LA Galaxy South Bay Elite B01","LA GALAXY SOUTH BAY BU16 ELITE (CAS)","Carlsbad Nov Nights College Showcase Elite U16"
"LA Galaxy South Bay Elite B01","LA Galaxy South Bay Boys 2001 Elite","SCDL Fl1 U16"
"LA Galaxy South Bay Elite B01","LA GALAXY SOUTH BAY BU16 ELITE (CAS)","Manchester City Cup Gold U16"
"LA Galaxy South Bay Navy B01","SOUTH BAY GALAXY (CAS)","Albion Cup 2001 Cup U16"
"La Morinda SC Navy B01","LAMORINDA SC FC 01 NAVY BOYS (CAN)","Surf Cup Super Black U16"
"LA Premier B01","LA PREMIER FC LAFA (CAS)","Surf Cup Super Black U16"
"LA Premier B01","2001 LA Premier FC LAFA","FWRL CAS B01"
"La Roca Futbol Club A0 B01","LA ROCA FCLA ROCA-AO","NHB Cup Flight 1"
"La Roca Futbol Club B01","LA ROCA FC LA ROCA PREMIER-TJ 02","FWRL Desert 2001 U16"
"Laguna United Blue B01","LAGUNA FC (CAS)","Surf Cup Black U16"
"Laguna United Blue B01","Laguna United FC 2001 Blue","SCDL Fl1 U16"
"Lake Hills Inferno B02","LAKE HILLSLAKE HILLS INFERNO B02","Snohomish United Invit Gold"
"Langley United Metro Selects B01","LANGLEY UTD. U16 WOELK (CANADA)","SX Cup Boys U16 Gold - Tier 3 U16"
"Las Vegas Pros 01 Copa B00","LAS VEGAS PROS FUTBOLLV PROS BOYS 01 COPA","LV Thanksgiving Classic LVTC U16 Boys Gold"
"Las Vegas Sounders Rave B01","LV SOUNDERS 01 RAVE","LV Thanksgiving Classic LVTC U16 Boys Silver Elite"
"Las Vegas Sports Academy Red B01","LVSA '01 BOYS RED","FWRL Desert 2001 U16"
"Las Vegas Sports Academy Red B01","LVSA '01 BOYS RED (NV)","NV Players Showcase USYS National League U16"
"Las Vegas Sports Academy Red B01","LVSA 01 Red (NV)","USYS National League U16"
"Las Vegas Sports Academy Red B01","LVSA '01 BOYS RED (NV)","Manchester City Cup Gold U16"
"Las Vegas Sports Academy White B01","LVSA '01 BOYS WHITE","LV Thanksgiving Classic LVTC U16 Boys Silver Elite"
"LASC Leones Negros B01","LASC Leones Negros","Beaverton Cup BU16 Gold"
"LASC Leones Negros B01","LASC Leones Negros","Capital Cup BU16"
"LASC Leones Negros B01","LA AMISTADLASC LEONES NEGROS","Mt Hood Challenge Boys U16 Premier"
"LASC Leones Negros B01","IFC 01B Leones Negros","Win OYS B01 Premier"
"LASC Leones Negros B01","IFC 01B Leones Negros","OYS State Cup B01"
"Legends FC B01","LEGENDS FC B01","NHB Cup Flight 1"
"Legends FC B01","Legends FC B01 - HG","SCDL Fl1 U16"
"Legends FC West B01","LEGENDS FC BOYS WEST B01 FC (CAS)","NV Players Showcase USYS National League U16"
"Legends FC West B01","Legends FC West 01 FC (CA-S)","USYS National League U16"
"Livermore Fusion FC Maroon B01","LIVERMORE FUSION SC FUSION 01 BOYS MAROON","FWRL CAN CRL U16"
"Lobos Rush Premier B01","Lobos Rush 01 Premier (TN)","USYS National League U16"
"Los Angeles United FA Academy Reserve B01","Los Angeles United FA B2001 Academy Reserve","SCDL Fl1 U16"
"Los Angeles United FA Academy USSDA B01","LOS ANGELES UNITED FUTBOL ACADEMYLAUFA2001 USSDA TEAM","NHB Cup Flight 1"
"Los Angeles United FA B01","LOS ANGELES UNITED FUTBOL ACADEMY LAUFA (CAS)","NV Players Showcase Bellagio U16"
"Los Angeles United FA B01","LOS ANGELES UNITED FUTBOL ACADEMY B2001 (CAS)","Manchester City Cup Gold U16"
"Los Angeles United FA Pre-Academy B01","Los Angeles United FA B2001 Pre-Academy","SCDL Fl1 U16"
"Loudoun Red B01","LOUD01 RED (VA)","USYS National League U16"
"LSDSC Rockets B02","LSDSC Rockets","SSUL B01 Division 2"
"LUSA Dragons B01","LUSA DRAGONS (CND)","SX Cup Boys U16 Gold - Tier 3 U16"
"Lyons Township SC Showcase B01","LYONS TOWNSHIP LTSC UNION SHOWCASE B01/02 (IL)","NV Players Showcase Bellagio U16"
"Magic City SC Red B01","MAGIC CITY SC RED SE (MT)","PVSC Spring Classic BU16 U16"
"Magic City SC Silver B01","MAGIC CITY SC SILVER SE (MT)","PVSC Spring Classic BU16 U16"
"Marin FC Blue B01","MARIN FC B01BLUE (CAN)","NV Players Showcase Caesars U16"
"Maui United Soccer Club 02 B01","MAUI UNITED MUSC 02B (HI)","Surf Cup Super White U16"
"MBSOS FC B01","MBSOS FC","Cranberry Cup U15-16"
"Merced Stockton Atlas Academy B01","ATLAS ACADEMY MERCED STOCKTON ATLAS 2001","FWRL CAN CRL U16"
"Midwest United Royal B01","MIDWEST UNITED FC 01 ROYAL (MI)","NV Players Showcase Bellagio U16"
"Miramar United Elite B01","Miramar United Elite FC","Nomads Thanksgiving 1st Division U16"
"Missoula Strikers B01","Missoula Strikers Boys","Starfire Spring Classic BU16"
"Missoula Strikers B01","Missoula Strikers U16 boys","Whitecaps Invitational U16"
"Missoula Strikers White B01","MISSOULA STRIKERS WHITE 2001B-SE","Performance Cup U15/16B Silver"
"Moscow United B02","MOSCOW UNITED SC B2002","Spr IPL Boys 01-02 U16"
"Mountain Home SC B02","MHSC BOYS '02-'03-'04 U15","Spr Idaho D3 U15/16 Division 2 South"
"Mountain Home SC Strikers B01","MHSC BOYS U16","Spr Idaho D3 U15/16 Division 2 North"
"Mountain Home SC Strikers B01","MOUNTAIN HOME SC (ID)","PVSC Spring Classic BU16 U16"
"Mountain United B01","Mountain United FC","BCSPL 2001 U15"
"Mountain United B01","Mountain United FC 01","Whitecaps Invitational U16"
"MPC Elite B01","MCFC MPC Elite 01B","Nomads Thanksgiving 1st Division U16"
"MSC Vikes B02","MSC VIKES 2002","Spr Idaho D3 U15/16 Division 2 North"
"Murrieta Surf White B01","MURRIETA SURF B01 WHITE (CAS)","NV Players Showcase Bellagio U16"
"MVP Rapids Navy B01","MAPLE VALLEY PREMIERMVP RAPIDS 01","Central WA Super Cup Boys U16 Gold"
"MVP Rapids Navy B01","MVP Rapids 01","Labor Day Cup BU16 Silver"
"MVP Rapids Navy B01","MVP Rapids '01 Navy","PSPL Classic 2 U16"
"MVP Rapids Navy B01","MVP Rapids 01","RVS Classic BU16"
"MVP Rapids Navy B01","MVP RAPIDS B01 (WA)","WA Cup HS Silver U16"
"NEU Lazio Blue B01","NEU PDX 01B Blue","Win OYS B01 Division 1 White"
"NEU Lazio White B01","NEU PDX 01B White","Win OYS B01 Division 1 Green"
"NEU White B01","NORTHEAST UNITED01 WHITE","PCU Summer Classic U15-U16 Boys Red"
"NEU White B01","NEU PDX 01B White","OYS State Cup B01"
"Newport FC Barca B01","NEWPORT FC BARCA BU 16 (WA)","Bigfoot Silver U16"
"Newport FC Barca B01","Newport FC B01 Barca","Crossfire Select U16"
"Newport FC Barca B01","Newport FC B01 Barca","NPSL Division 2 (01) U16"
"Newport FC Barca B01","Newport FC B01 Barca","Founders Cup B01 Div A"
"NK Havoc B01","NK Havoc 01","PSPL Classic 2 U16"
"NK Havoc B01","NK Havoc","Summer Slam Gold/Silver U16"
"NM Rush Nike B01","NEW MEXICO RUSH 01B (NM)","NV Players Showcase Caesars U16"
"Nomads SC B01","Nomads-Fonbon","Nomads Thanksgiving 1st Division U16"
"Nortac Sparta Red B01","Sparta B01 Red","Blast Off B2001 B"
"Nortac Sparta Red B01","Sparta B01 Red","Crossfire Select U16"
"Nortac Sparta Red B01","Sparta Premier 01 DP","Labor Day Cup BU16 Gold"
"Nortac Sparta Red B01","NORTAC SPARTA B01 Red","PSPL Classic 1 U16"
"Nortac Sparta Red B01","Nortac Sparta B01 Red","Summer Slam Gold/Silver U16"
"Nortac Sparta Red B01","SPARTA BOYS 2001 RED (WA)","WA Rush Cup B01 Silver U16"
"Nortac Sparta Red B01","SPARTA BOYS 2001 RED (WA)","WA Cup HS Silver U16"
"North Idaho Inferno Blue B02","NORTH IDAHO INFERNO F C ROJAS B-02 BLUE","Spr IPL Boys 01-02 U16"
"North Idaho Inferno Orange B02","NORTH IDAHO INFERNO F C LAWSON B-02 ORANGE","Spr IPL Boys 01-02 U16"
"NPSA Titans Navy B01","NPSA Titans B01 Navy","Labor Day Cup BU16 Gold"
"NPSA Titans Navy B01","NPSA B01 Navy Bellevue","PSPL WSPL 2 U16"
"NPSA Titans Navy B01","NPSA Titans B01Navy","Seattle United Cup BU16"
"NPSA Titans Navy B01","NPSA TITANS B01 NAVY (WA)","WA Rush Cup B01 Silver U16"
"NPSA Titans Navy B01","NPSA Titans B01 Navy","PacNW Winter Classic Premier II U16"
"NPSA Titans Navy B01","NPSA TITANS B01 NAVY (USA)","WA Cup HS Gold U16"
"NSC Annex B01","NSC B01 Annex","NPSL Division 1 (01) U16"
"NSC Annex B01","NORTHSHORE SELECT NSC B01 ANNEX (WA)","REDAPT Cup Silver U16"
"NSC Annex B01","NSC B01 ANNEX","Xtreme Cup BU16 Silver"
"NSC Annex B01","NSC 01 Annex","Cranberry Cup U15-16"
"NSC Annex B01","NSC Annex B01 Green","Founders Cup B01 Div A"
"NSC Force B02","NSC 02 Force","Cranberry Cup U15-16"
"NSC Green Wave B01","NSC B01 Wave","NPSL Division 2 (01) U16"
"NSC Green Wave B01","NSC B01 Green-Wave","Seattle United Cup BU16"
"NSC Green Wave B01","NSC Wave","Sky River BU16"
"NSC Green Wave B01","NSC B01 White","NPSL Division 2 (01) U16"
"NSC Green Wave B01","NSC 01 Wave","Cranberry Cup U15-16"
"NSC Green Wave B01","NSC Wave B01 White","Founders Cup B01 Div A"
"NVFC Selects B01","NVFC SELECTS (CANADA)","SX Cup Boys U16 Metro - Tier 2 U16"
"NW United Black B01","NORTHWEST UNITED U16MOE (WA)","Nike Crossfire Challenge Gold Group U16"
"NW United Black B01","30 NW United Boys 2001","Pacific Coast Challenge COPA U16"
"NW United Black B01","NorthWest United B01 A Black","RCL B01 Div 4"
"NW United Black B01","NWU U16 Moe","Skagit Firecracker Gold U16"
"NW United Red B01","Northwest United FC B01 Red","NPSL Division 3 (01) U16"
"NW United Red B01","NW United","Skagit Firecracker Gold U16"
"NW United Red B01","Northwest United B01 B Red","WYS Presidents Cup B01 Div 2"
"Oceanside Breakers Black B01","OCEANSIDE BREAKERS BREAKERS B01 BLACK (CAS)","Albion Cup 2001 Cup U16"
"Odyssey South Black B01","Odyssey South Black U16 Boys","Nomads Thanksgiving 1st Division U16"
"Omaha FC Elite B01","Sporting Omaha FC 01 Elite (NE)","USYS National League U16"
"Ottawa Gloucester SC Hornets Impact B01","OTTAWA GLOUCESTER SC HORNETS IMPACT (CND)","Surf Cup Black U16"
"Oxnard PAL Blue B01","Oxnard P.A.L. Blue","FWRL CAS B01"
"Oxnard PAL Blue B01","Oxnard P.A.L. BlueDisqualified","FWRL CAS B01"
"Pacific Coast SC Blue B01","Pacific Coast SC B2001 Blue","SCDL Fl1 U16"
"Pacific FC Blue B01","PACIFIC FC BLUE B01","Mt Hood Challenge Boys U16 Silver/Bronze"
"Pacific FC Blue B01","PACIFIC FC 01 BLUE","PCU Summer Classic U15-U16 Boys Red"
"Pacific FC Blue B01","Pacific FC Blue 01","Summer Slam Gold/Silver U16"
"Pacific FC Blue B01","Pacific FC B01 Blue","WYS Presidents Cup B01 Div 2"
"Pacific FC Elite B02","PACIFIC FC ELITE B02","PCU Summer Classic U15-U16 Boys Black"
"PacNW Blue B01","PACIFIC NORTHWEST PACNW 01 BLUE (WA)","Nike Crossfire Challenge Gold Group U16"
"PacNW Blue B01","PacNW B01 Blue","Rainier Challenge Samba U16"
"PacNW Blue B01","PacNW B01 Blue B","RCL B01 Div 2"
"PacNW Blue B01","PACIFIC NORTHWEST PACNW 01 BLUE (WA)","WA Rush Cup B01 Gold U16"
"PacNW Blue B01","PacNW B01 Blue","PacNW Winter Classic Premier U16"
"PacNW Blue B01","PacNW B01 Blue B","WYS Presidents Cup B01 Div 1"
"PacNW Maroon B01","PacNW B01 Maroon A","FWRL B01"
"PacNW Maroon B01","PacNW 01 Maroon","Rainier Challenge Samba U16"
"PacNW Maroon B01","PacNW B01 Maroon A","RCL B01 Div 1"
"PacNW Maroon B01","PACIFIC NORTHWEST SC 01 MAROON (WA)","Surf Cup Super White U16"
"PacNW Maroon B01","PacNW B01 Maroon A","WYS Championship B01"
"PacNW White B01","PACNW 01 WHITE (WA)","Nike Crossfire Challenge Silver Group U16"
"PacNW White B01","PacNW 01 White","Rainier Challenge Copa U16"
"PacNW White B01","PacNW B01 White C","RCL B01 Div 3"
"PacNW White B01","PACNW 01 WHITE (WA)","WA Rush Cup B01 Silver U16"
"PacNW White B01","PacNW 01 White","PacNW Winter Classic Premier II U16"
"PacNW White B01","PacNW B01 White C","WYS Presidents Cup B01 Div 2"
"Palo Alto SC Blue B01","PALO ALTO SC 01B BLUE (CAN)","NV Players Showcase Bellagio U16"
"Pasadena SC B01","PASADENA S.C. B2001","LV Thanksgiving Classic LVTC U16 Boys Silver Elite"
"Paso Del Norte FC Dallas B01","PASO DEL NORTE FC DALLAS EL PASO PREMIER 01/02 (TXS)","Surf Cup Black U16"
"Paso Del Norte Rush Sharks B01","PASO DEL NORTE RUSH SHARKS 01/02 (TXS)","Surf Cup Super White U16"
"Pateadores Huntington Beach B01","Pateadores HB01 Zilpa","Nomads Thanksgiving 1st Division U16"
"Pateadores Huntington Beach B01","Pateadores - HB B2001","SCDL Fl1 U16"
"Pateadores IER B01","PATEADORES IER 2001","NHB Cup Flight 1"
"Pateadores IER B01","Pateadores - IER B2001","SCDL Fl1 U16"
"Pateadores Irvine B01","Pateadores - Irvine B2001","SCDL Fl1 U16"
"Pateadores Irvine B01","PATEADORES IRVINE IRVINE (CAS)","Albion Cup 2001 PUMA VELITE U16"
"Pateadores Irvine Blue B01","PATEADORES IRVINE B2001 BLUE (CAS)","NV Players Showcase Caesars U16"
"PCFC Venom B01","Portland Community FC Venom","Clash At the Border Bronze U16"
"PCSC Cosmos FC B01","PIERCE COUNTYPCSC COSMOS FC","Mt Hood Challenge Boys U16 Premier"
"PCSC Cosmos FC B01","PCSC Cosmos FC","PSPL WSPL 1 U16"
"PCSC Cosmos FC B01","PCSC Cosmos FC 01","US Club Regionals 2001"
"PCSC Cosmos FC B01","PCSC COSMOS FC B01 (WA)","Timbers Winter Showcase 2001 Showcase U16"
"PCSC Cosmos FC B01","PCSC COSMOS FC B01 (WA)","WA Cup HS Gold U16"
"PCSC Cruz Azul B01","PCSC Cruz Azul","PSPL Classic 2 U16"
"PCU -Unk B01","PCU '01 BOYS (OR)","Oswego Nike Cup Boys U16"
"PCU -Unk B01","PCU 01 BOYS","PCU Summer Classic U15-U16 Boys Red"
"PCU Black B01","PCU 2001B - Black","Clash At the Border Bronze U16"
"PCU Black B01","PCU 01B BLACK","PCU Summer Classic U15-U16 Boys Red"
"PCU Black B01","PCU 01B Black","Win OYS B01 Division 1 White"
"PCU Lightning Black B02","PORTLAND CITY UNITED02' LIGHTNING","PCU Summer Classic U15-U16 Boys Black"
"PCU Red B01","PCU 01B Red","Win OYS B01 Division 1 White"
"PCU Red B01","PCU 01B Red","OYS Presidents Cup B01"
"PCU Union Red B02","PORTLAND CITY UNITED02' UNION","PCU Summer Classic U15-U16 Boys Black"
"Penn Fusion SA B01","Penn Fusion 01 Elite (PA-E)","USYS National League U16"
"PGYSA Timberwolves B01","PGYSA TIMBERWOLVES (CANADA)","SX Cup Boys U16 Metro - Tier 2 U16"
"Pittsburgh Riverhounds Academy B01","PITTSBURGH RIVERHOUNDS RIVERHOUNDS ACADEMY 2001 BOYS (PAW)","NV Players Showcase Bellagio U16"
"Placer United B01","PLACER UNITED 02B (CAN)","Surf Cup Black U16"
"Placer United Gold B01","Placer United 1B Gold","Nomads Thanksgiving 1st Division U16"
"Players Academy Blue B01","PLAYERS SC 2001 BOYS ACADEMY BLUE (NV)","Surf College Showcase Super Black U16"
"Players Academy Blue B01","PLAYERS SC 2001 BOYS ACADEMY BLUE (NV)","NV Players Showcase Bellagio U16"
"Players Academy Blue B01","PLAYERS SC 2001 BOYS ACADEMY BLUE (NV)","Manchester City Cup Gold U16"
"Players Elite B01","PLAYERS SC PLAYERS 01 BOYS ELITE (NV)","NV Players Showcase Bellagio U16"
"Players North B01","PLAYERS NORTH PLAYERS 01 DE (NV)","NV Players Showcase Caesars U16"
"Portland Timbers USSDA B01","Timbers Academy 01B","FWRL B01"
"Portland Timbers USSDA B01","Timbers Academy 01B FWRL","FWRL B01"
"PSA Force Black B01","PILCHUCK SOCCER ALLIANCE - FORCE PSA B01 FORCE_JENKINS (WA)","Bigfoot Silver U16"
"PSA Force Black B01","PSA B01 Force- Pawlak","Crossfire Select U16"
"PSA Force Black B01","PSA Force B01","KCC BU16"
"PSA Force Black B01","PSA B01 Force_Pawlak","NPSL Division 2 (01) U16"
"PSA Force Black B01","PILCHUCK SOCCER ALLIANCE - FORCE PSA B01 FORCE_PAWLAK (WA)","WA Rush Cup B01 Silver U16"
"PSA Force Black B01","PILCHUCK SOCCER ALLIANCE - FORCE PSA B01 FORCE_PAWLAK (WA)","WA Cup HS Bronze U16"
"PSC Rockets B02","PSC Rockets B02","Blast Off B2001-02 B"
"PSPL Academy B01","PSPL SURF ACADEMY B'01 (WA)","Oswego Nike Cup Boys U16"
"PSPL Academy B01","PSPL SURF ACADEMY B'01 (UNITED STATES)","SX Cup Boys U16 Premier - Tier 1 U16"
"PSPL Academy B01","PSPL Surf Academy B01","Whitecaps Invitational U16"
"PSPL Academy B01","PSPL SURF ACADEMY B'01 (WA)","Manchester City Cup Gold U16"
"PUFC Elite B01","PUFC ELITE 01 (CND)","SX Cup Boys U16 Metro - Tier 2 U16"
"Pumas UNAM B01","Pumas Seattle BU16","Labor Day Cup BU16 Silver"
"Pumas UNAM B01","Pumas UNAM 01/02 AC","PSPL WSPL 2 U16"
"Pumas UNAM B01","Pumas Seattle BU16","Sounders FC Cup BU16 Gold"
"Pumas UNAM B01","PUMAS UNAM SEATTLE/ PUMAS SEATTLE 00/01 FABILA (WA)","WA Cup HS Silver U16"
"PVSC United Benfica B01","PVSC UNITED BENFICA (ID)","PVSC Spring Classic BU16 U16"
"PVSC United Fire B02","PVSC UNITED FIRE","Performance Cup U15/16B Gold"
"PVSC United Warriors B02","PVSC UNITED WARRIORS","Performance Cup U15/16B Silver"
"Quad City Fusion White B98","QCF BU19-WHITE","Spr IPL Boys 01-02 U16"
"Rampage Blue B01","RAMPAGERAMPGE BLUE KT 01","FC Nova Fall Showcase U15 Boys"
"Ravenswood SC Manchester United B01","RAVENSWOOD YOUTH RYSC 01 MANCHESTER UNITED","FWRL CAN CRL U16"
"Real Middleton AC Milan B00","REAL SOOCERREAL MIDDLETON CF AC MILAN","Yellowstone Cup Gold"
"Real Middleton Internazionale B01","REAL MIDDLETON CF INTERNAZIONALE","Spr Idaho D3 U15/16 Division 2 North"
"Real So Cal ADT B01","REAL SO CAL 2001 ADT (CAS)","NV Players Showcase Bellagio U16"
"Real So Cal ADT B01","Real So Cal B01 ADT","SCDL Fl1 U16"
"Real So Cal White B01","Real So Cal -SCV B2001W- Jovel","Nomads Thanksgiving 1st Division U16"
"Real So Cal White B01","Real So Cal - SCV B2001W - Jovel","SCDL Fl1 U16"
"Rebels B01","REBELS SC (AGUILAR) (CAS)","Surf Cup Super White U16"
"Rebels Elite B01","REBELS-ELITE-AVALOS (CAS)","NV Players Showcase Bellagio U16"
"Rebels SC B01","Rebels SC","Nomads Thanksgiving 1st Division U16"
"Rio Rapids SC B01","RIO RAPIDS SC 01","FWRL Desert 2001 U16"
"River Plate SC 24K B01","RPSC 01B River 24K","FWRL B01"
"River Plate SC 24K B01","RPSC 01B River 24K FWRL","FWRL B01"
"River Plate SC 24K B01","RIVER PLATERPSC RIVER 24K","Mt Hood Challenge Boys U16 Premier"
"River Plate SC 24K B01","River 24K","US Club Regionals 2001"
"River Plate SC 24K B01","RPSC 01B River 24K FWRL","Win OYS B01 Premier"
"River Plate SC 24K B01","RIVER PREMIER SC RPSC RIVER 24K (OR)","NV Players Showcase USYS National League U16"
"River Plate SC 24K B01","RPSC River 24k (OR)","USYS National League U16"
"River Plate SC 24K B01","RPSC 01B River 24K FWRL","OYS State Cup B01"
"River Plate SC River B01","RPSC River 2001","Summer Slam Gold/Silver U16"
"RSA Elite A B02","RSA Elite B02 Harris","Dungeness Cup BU16 Olympic"
"RSA Elite A B02","RSA Elite B02 Harris","Tyee Cup B01-02 Gold"
"RSA Elite B01","RSA ELITE B01 LOPEZ (WA)","Bigfoot Silver U16"
"RSA Elite B01","RSA Elite B01 Lopez","Dungeness Cup BU16 Olympic"
"RSA Elite B01","RSA Elite B01 Lopez","PSPL Classic 2 U16"
"RSA Elite B01","RSA ELITE B01 LOPEZ (WA)","WA Cup HS Bronze U16"
"RSF Attack Academy B01","RSF SOCCER ATTACK B01 ACADEMY (CAS)","Surf Cup Super White U16"
"RSF Attack Academy B01","RSF SOCCER ATTACK B01 ACADEMY (CAS)","Carlsbad Nov Nights College Showcase Elite U16"
"RSF Attack Academy B01","RSF Attack","Nomads Thanksgiving 1st Division U16"
"RSF Attack Academy B01","RSF SOCCER ATTACK B01 ACADEMY (CAS)","Albion Cup 2001 PUMA VELITE U16"
"RSF Attack Academy I B01","RSF Attack B01 Academy I","SCDL Fl1 U16"
"RSF Attack Academy II B01","RSF ATTACK ACADEMY 2 (CAS)","NV Players Showcase Caesars U16"
"RSF Attack Academy II B01","RSF ATTACK ACADEMY 2 (CAS)","Albion Cup 2001 Cup U16"
"RVSC Timbers Red B01","RVT 01B Red","Win OYS B01 Division 1 Green"
"RVSC Timbers Red B01","RVT 01B Red","OYS State Cup B01"
"Sacramento United Reds B01","SACRAMENTO UNITED B01 REDS RED (CAN)","Surf Cup Super White U16"
"Sacramento United Reds B01","SACRAMENTO UNITED 01B RED (CAN)","Surf College Showcase Super Black U16"
"Sagebrush SC United Red B01","SAGEBRUSH SC UNITED RED 01 (NV)","Carlsbad Nov Nights College Showcase Elite U16"
"Saints -Unk B02","SAINTS 02B","PCU Summer Classic U15-U16 Boys Black"
"Salem Chelsea B01","Chelsea B01","Clash At the Border Gold/Silver U16"
"Salem Chelsea B01","4-H CHELSEA 2001 SEGURA","Mt Hood Challenge Boys U16 Premier"
"Salem Chelsea B01","4-H CHELSEA B01 (OR)","Oswego Nike Cup Boys U16"
"Salem Chelsea B01","4-H CHELSEA B01 (OR)","Timbers Winter Showcase 2001 Showcase U16"
"Salem Chelsea B01","4-H 01B Chelsea","Win OYS B01 Premier"
"Salem Chelsea B01","4-H 01B Chelsea","OYS State Cup B01"
"San Diego SC Academy Navy B01","SDSC Boys 2001 Academy Navy","Nomads Thanksgiving 1st Division U16"
"San Diego SC Academy Navy B01","San Diego Soccer Club B2001 ACADEMY Navy","SCDL Fl1 U16"
"San Diego Surf SC Academy I B01","SD SURF ACADEMY (CUELLAR) (CAS)","Surf Cup Super Black U16"
"San Diego Surf SC Academy I B01","SD Surf Academy Boys (Cuellar) 2001","FWRL CAS B01"
"San Diego Surf SC Academy I B01","SAN DIEGO SURFSURF ACADEMY (CUELLAR)","NHB Cup Flight 1"
"San Diego Surf SC Academy I B01","San Diego Surf Academy Boys (Cuellar) 2001","SCDL Fl1 U16"
"San Diego Surf SC Academy I B01","SAN DIEGO SURF ACADEMY (CUELLAR) (CAS)","Manchester City Cup Gold U16"
"San Diego Surf SC Academy II B01","SD Surf Academy Boys (Rastok) 2001","Nomads Thanksgiving 1st Division U16"
"San Diego Surf SC Academy II B01","SAN DIEGO SURF SC SD SURF ACADEMY BOYS (RASTOK) 2001 (CAS)","NV Players Showcase Caesars U16"
"San Diego Surf SC Academy II B01","SD SURF SC (RASTOK) 2001 (CAS)","Surf Cup Black U16"
"San Diego Surf SC Academy Select B01","SD SURF 2001 ACADEMY SELECT (GUY) (CAS)","Surf Cup Super White U16"
"San Diego Surf SC Academy Select B01","SD SURF SC ACADEMY SELECT (GUY) (CAS)","Surf College Showcase Super White U16"
"San Diego Surf SC Academy Select B01","SAN DIEGO SURF SC 2001 ACADEMY SELECT (GUY) (CAS)","NV Players Showcase Bellagio U16"
"San Diego Surf SC Academy Select B01","San Diego Surf Academy Boys Select 2001","SCDL Fl1 U16"
"San Diego Surf SC Academy Select B01","SAN DIEGO SURF NPL 2001 (CAS)","Manchester City Cup Gold U16"
"San Diego United Black B01","SAN DIEGO UNITED BLACK (CAS)","Carlsbad Nov Nights College Showcase Elite U16"
"San Diego United Black B01","SAN DIEGO UNITED BLACK (CAS)","Albion Cup 2001 Cup U16"
"San Francisco Academy Elite B01","SF ELITE ACADEMY SF ELITE 01B (CAN)","Surf College Showcase Super White U16"
"San Jose Earthquakes CV Pre-Academy B01","CV SJ EARTHQUAKES 01B PRE-ACADEMY","FWRL CAN CRL U16"
"San Jose Earthquakes CV Pre-Academy B01","CV SJ EARTHQUAKES 01 PDA","NorCal NPL 01 NPL 1 West"
"San Jose Earthquakes CV Pre-Academy II B01","CV/SJEQ 2001B PDA II","FWRL CAN CRL U16"
"San Jose Earthquakes PDA B01","SJ EARTHQUAKES 01 PDA (CAN)","Surf Cup Super Black U16"
"San Jose Earthquakes PDA B01","SJ EARTHQUAKES 01 PDA","FWRL CAN CRL U16"
"San Jose Earthquakes PDA B01","SJ EARTHQUAKES 01 PDA (CAN)","Surf College Showcase Super Black U16"
"San Juan SC Lightning Blue B01","SAN JUAN SC LIGHTNING 01 BLUE (CAN)","Surf Cup Black U16"
"San Juan SC Lightning Blue B01","SAN JUAN SC LIGHTNING 01 BLUE","NorCal NPL 01 NPL 1 East"
"San Tan Legacy Red B01","LEGACY 02 RED (AZ)","Surf Cup Super White U16"
"San Tan Legacy Red B01","LEGACY 02/01 RED (AZ)","NV Players Showcase Bellagio U16"
"Sandpoint Strikers B02","SANDPOINT STRIKERS FC HIGGS","Spr IPL Boys 01-02 U16"
"Sandpoint Strikers B02","SANDPOINT STRIKERS FC HIGGS (ID)","River City Challenge Boys U15-U16 ('02-'01) U16"
"Santa Barbara SC White B01","SANTA BARBARA C SANTA BARBARA SC WHITE (CAS)","NV Players Showcase Bellagio U16"
"Santa Clara Sporting Green B01","SANTA CLARA SPORTING 01B (CAN)","Surf Cup Super Black U16"
"Santa Clara Sporting Green B01","SANTA CLARA SPORTING 01B GREEN","FWRL CAN CRL U16"
"Santa Clara Sporting Green B01","SANTA CLARA SPORTING01B GREEN","NHB Cup Flight 1"
"Santa Clara Sporting Green B01","SC Sporting 01B Green","Nomads Thanksgiving 1st Division U16"
"Santa Clara Sporting Green B01","SANTA CLARA SPORTING 01B GREEN","NorCal NPL 01 NPL 1 West"
"Santa Clara Sporting White B01","SANTA CLARA SPORTING 01B WHITE","FWRL CAN CRL U16"
"SC del Sol B01","SC DEL SOL 01 BOYS","FWRL Desert 2001 U16"
"Scottsdale Blackhawks B01","SCOTTSDALE SOCCER 01B BLACKHAWKS BURKE","FWRL Desert 2001 U16"
"Seaside HS B01","SEASIDE HIGHSEAGULLS","PCU Summer Classic U15-U16 Boys Black"
"Seattle Celtic Green B01","Seattle Celtic B01 Green","Crossfire Select U16"
"Seattle Celtic Green B01","Seattle Celtic B01 Green","PSPL Classic 2 U16"
"Seattle Celtic Green B01","Seattle Celtic B01 Green","Xtreme Cup BU16 Silver"
"Seattle Celtic Green B01","SEATTLE CELTIC B01 GREEN (WA)","WA Cup HS Bronze U16"
"Seattle Sounders B02","Seattle Sounders U14","FWRL B01"
"Seattle United Copa B01","Seattle United B01 Copa A","FWRL B01"
"Seattle United Copa B01","SEATTLE UNITED B01 COPA (WA)","Nike Crossfire Challenge Super Group U16"
"Seattle United Copa B01","Seattle United B01 Copa A","RCL B01 Div 1"
"Seattle United Copa B01","SEATTLE UNITED B01 COPA (WA)","Surf Cup Super White U16"
"Seattle United Copa B01","Seattle United B01 Copa A","WYS Championship B01"
"Seattle United Copa B01","Seattle United 01 Copa (WA)","USYS National League U16"
"Seattle United Copa B01","SEATTLE UNITED B01 COPA (WA)","NV Players Showcase USYS National League U16"
"Seattle United S Blue B01","SU South B01 Blue","Blast Off B2001 B"
"Seattle United S Blue B01","Seattle United South B01 Blue","NPSL Division 1 (01) U16"
"Seattle United S Blue B01","B01 South Blue","Seattle United Cup BU16"
"Seattle United S Blue B01","SU South Blue [B01]","Sky River BU16"
"Seattle United S Blue B01","Seattle United South B01 Blue","Founders Cup B01 Div A"
"Seattle United Samba B01","WT 01B Samba","Beaverton Cup BU16 Gold"
"Seattle United Samba B01","Seattle United B01 Samba C","RCL B01 Div 4"
"Seattle United Samba B01","SEATTLE UNITED B01 SAMBA (WA)","WA Rush Cup B01 Gold U16"
"Seattle United Samba B01","Seattle United B01 Samba C","WYS Presidents Cup B01 Div 1"
"Seattle United Samba B01","Seattle United B01 Samba","PacNW Winter Classic Premier U16"
"Seattle United Shoreline Blue B01","SU Shoreline Blue B01","Crossfire Select U16"
"Seattle United Shoreline Blue B01","Seattle United SH B01 Blue","NPSL Division 2 (01) U16"
"Seattle United Shoreline Blue B01","Seattle United SH B01 Blue","Founders Cup B01 Div A"
"Seattle United Shoreline White B02","SU Shoreline B02 White","Blast Off B2001-02 B"
"Seattle United Tango B01","SU Tango","Beaverton Cup BU16 Silver"
"Seattle United Tango B01","SEATTLE UNITED B01 TANGO (WA)","Bigfoot Gold U16"
"Seattle United Tango B01","Seattle United B01 Tango","Eastside FC Cup BU16"
"Seattle United Tango B01","Seattle United B01 Tango B","RCL B01 Div 2"
"Seattle United Tango B01","Seattle United B01 Tango B","WYS Presidents Cup B01 Div 1"
"Seattle United Tango B02","Seattle United B02 Tango","PacNW Winter Classic Premier U16"
"Seattle United W Blue B01","Seattle United West B01 Blue","NPSL Division 2 (01) U16"
"Seattle United W Blue B01","Seattle United West B01 Blue","Summer Slam Gold/Silver U16"
"Seattle United W Blue B01","Seattle United West B01 Blue","Founders Cup B01 Div A"
"Seattle United W White B02","Seattle United B02","Skagit Firecracker Gold U16"
"Seleccion Coridica Mexico B01","CORDICA SELECCION CRACK 2001 (MEX)","Surf Cup Super Black U16"
"Sereno Chelsea B01","SERENO 01 BOYS CHELSEA*","LV Thanksgiving Classic LVTC U16 Boys Silver Elite"
"Sereno Chelsea B01","SERENO 01 BOYS CHELSEA*","NHB Cup Flight 1"
"SGESC Fusion B01","SGEOSC FUSION BOYS 01 (WA)","Bigfoot Silver U16"
"SGESC Fusion B01","SGEOSC Fusion 01' Droubli","PSPL Classic 2 U16"
"SGESC Fusion B01","SGEOSC Fusion Boys 01","Sounders FC Cup BU16 Silver"
"SGESC Fusion B01","SGEO FUSION 01' YVES (WA)","WA Cup HS Bronze U16"
"Shelton FC B01","Shelton FC","SSUL B01 Division 2"
"Shoreline Sportsverrou B01","Shoreline Sports Club Verrou B01","PSPL Classic 1 U16"
"Shoreline Sportsverrou B01","Shoreline Sports Club Verrou B01","River Jam Samba U16"
"Slammers Orange B01","RAINIER VALLEY SLAMMERS RVS B01 ORANGE (WA)","Nike Crossfire Challenge Silver Group U16"
"Slammers Orange B02","RVS B02 Orange","Tyee Cup B01-02 Gold"
"SMC Star Academy B01","STAR ACADEMY FC 01B I (CAN)","NV Players Showcase Bellagio U16"
"Snohomish United Black B01","SNOHOMISH UNITED 01 BLACK A - HENDERSON (16/17) (WA)","Bigfoot Gold U16"
"Snohomish United Black B01","SNOHOMISH UNITED 01 BLACK A - HENDERSON (16/17) (WA)","Les Schwab NW Cup Boys U16 U16"
"Snohomish United Black B01","SNOHOMISH UNITED 01 BLACK A - HENDERSON (WA)","Nike Crossfire Challenge Gold Group U16"
"Snohomish United Black B01","SNOHOMISH UNITED BLACK A","RCL B01 Div 2"
"Snohomish United Black B01","SNOHOMISH UNITED BLACK A","WYS Championship B01"
"Snohomish United Red B01","SNOHOMISH UNITED B01RED- AUNE (WA)","Bigfoot Silver U16"
"Snohomish United Red B01","SNOHOMISH UNITED Red B","RCL B01 Div 4"
"Snohomish United Red B01","SNOHOMISH UNITED B01RED- AUNE (WA)","REDAPT Cup Gold U16"
"Snohomish United Red B01","SNOHOMISH UNITEDB01RED- AUNE","Snohomish United Invit Gold"
"Snohomish United Red B01","SNOHOMISH UNITED Red B","WYS Presidents Cup B01 Div 2"
"Snohomish United White B01","SNOHOMISH UNITED B01 WHITE C (WA)","Bigfoot Silver U16"
"Snohomish United White B01","Snohomish United B01 White C","NPSL Division 3 (01) U16"
"Snohomish United White B01","SNOHOMISH UNITED B01 WHITE C (WA)","REDAPT Cup Silver U16"
"Soccer Nova Scotia Team Blue B01","Soccer Nova Scotia Team Blue","Whitecaps Invitational U16"
"Solar Chelsea Elite B01","Solar Chelsea 01 Elite (TX-N)","USYS National League U16"
"Solar Chelsea Stricker B01","Solar Chelsea 01 Stricker (TX-N)","USYS National League U16"
"SOSA B01","SOSA 01B","Win OYS B01 Division 1 Green"
"SOSA B01","SOSA 01B","OYS Presidents Cup B01"
"South Bay United B01","SOUTHBAY UNITED","LV Thanksgiving Classic LVTC U16 Boys Gold"
"South Carolina United FC Elite B01","SOUTH CAROLINA UNITED FC SCUFC 01 BOYS ELITE (SC)","NV Players Showcase USYS National League U16"
"South Carolina United FC Elite B01","South Carolina United FC 01 Elite (SC)","USYS National League U16"
"South Los Angeles United USSDA B01","LOS ANGELES UNITED FA 01 USSDA (CAS)","Surf Cup Super Black U16"
"Southlake Select Defiance B01","UP Defiance","Sky River BU16"
"Southlake Select Defiance B01","Tacoma Defiance","Sky River BU16"
"Southlake Select Defiance B01","UP Defiance","SSUL B01 Division 2"
"Southlake Select Vipers B01","Southlake B01 Vipers","Blast Off B2001 B"
"Southlake Select Vipers B01","Southlake Vipers B01","KCC BU16"
"Southlake Select Vipers B01","Southlake Select B01 Vipers","NPSL Division 2 (01) U16"
"Southlake Select Vipers B01","Southlake B01 Vipers","Sounders FC Cup BU16 Gold"
"Southlake Select Vipers B01","Southlake B01 Vipers","Xtreme Cup BU16 Gold"
"Southlake Select Vipers B01","Southlake Select B01 Red","Founders Cup B01 Div A"
"Sparta United Premier B01","SPARTA UNITED SPARTA 01 PREMIER JK","FWRL Desert 2001 U16"
"Spokane Sounders A B01","SSC SHADOW SOUNDERS 01 (WA)","Nike Crossfire Challenge Super Group U16"
"Spokane Sounders A B01","SSC SOUNDERS SOUNDERS 01 (WA)","Oswego Nike Cup Boys U16"
"Spokane Sounders A B01","Spokane Sounders B01-A","RCL B01 Div 1"
"Spokane Sounders A B01","Spokane Sounders B01-A","Nomads Thanksgiving 1st Division U16"
"Spokane Sounders A B01","Spokane Sounders B01-A","WYS Championship B01"
"Spokane Sounders A B02","SPOKANE SOUNDERS B'02 (WA)","Les Schwab NW Cup Boys U16 U16"
"Spokane Sounders B B01","SSC SOUNDERS B01-HOUSTON (WA)","Les Schwab NW Cup Boys U16 U16"
"Spokane Sounders B B01","SPOKANE SHADOW SOUNDERS B01-HOUSTON (WA)","Nike Crossfire Challenge Silver Group U16"
"Spokane Sounders B B01","Spokane Sounders B01-B","RCL B01 Div 3"
"Spokane Sounders B B01","Spokane Sounders B01-B","WYS Presidents Cup B01 Div 2"
"Sporting JB Marine Mann B01","SPORTING J. B. MARINE SC MANN (MO)","NV Players Showcase USYS National League U16"
"Sporting JB Marine Mann B01","Sporting J. B. Marine (MO)","USYS National League U16"
"Sporting San Diego B01","SPORTING SAN DIEGO SPORTING SD- HUERTERO (CAS)","Albion Cup 2001 PUMA VELITE U16"
"Sting SC Timbers B01","STING TIMBERS FC 01B (ID)","WA Cup HS Bronze U16"
"Sting SC Timbers B01","STING TIMBERS FC 01B","Performance Cup U15/16B Gold"
"Sting SC Timbers B01","STING TIMBERS FC 01B","Spr Idaho D3 U15/16 Boys Division 1"
"Sting SC Timbers B01","STING TIMBERS FC 01B (ID)","ID State Cup Boys U16 U16"
"Sting SC Timbers B02","STING TIMBERS FC 02B","Spokane Cup Boys 15/16"
"Sting SC Timbers White B01","STING TIMBERS FC 01/02B WHITE","Spr IPL Boys 01-02 U16"
"Stockton Monarcas FC Academy B01","MONARCAS ACADEMY","Nomads Thanksgiving 1st Division U16"
"Storm King B01","Storm King B01","Dungeness Cup BU16 Olympic"
"Storm King B01","Storm King","Labor Day Cup BU16 Silver"
"Storm King B01","Storm King B01","NPSL Division 1 (01) U16"
"Storm King B01","Storm King","Sounders FC Cup BU16 Silver"
"Storm King B01","Storm King So - BU16","Founders Cup B01 Div A"
"Storm King Blue B01","Storm King B01 Blue","Dungeness Cup BU16 Olympic"
"Strikers FC Irvine B01","Strikers FC 01 Chingirian","Nomads Thanksgiving 1st Division U16"
"Strikers FC Irvine B01","Strikers FC - Irvine 2001 Chingirian","SCDL Fl1 U16"
"Strikers FC Irvine Black B01","Strikers FC - Irvine 2001 Shiokari*","SCDL Fl1 U16"
"Strikers FC Mission Viego B01","Strikers FC - Mission Viejo B2001 Deverrick","SCDL Fl1 U16"
"Strikers FC North B01","STRIKERS FC NORTH B01 FISHER (CAS)","NV Players Showcase Bellagio U16"
"Strikers FC North B01","Strikers FC - North B01 RF","SCDL Fl1 U16"
"Strikers FC SB Black B01","STRIKERS FC SOUTHBAY (BLACK) (CAS)","Surf Cup Black U16"
"Strikers FC SB Black B01","STRIKERS FC SOUTHBAYSTRIKERS (BLACK)","NHB Cup Flight 1"
"Strikers FC SB Black B01","STRIKERS FC SOUTHBAY BLACK 2001 (CAS)","NV Players Showcase Bellagio U16"
"Strikers FC SB Black B01","Strikers FC - South Bay B2001 Black","SCDL Fl1 U16"
"Strikers FC South Coast B01","Strikers FC - South Coast B01","SCDL Fl1 U16"
"Strikers FC South Coast B01","STRIKERS FC SOUTH COAST STRIKERS FC - SOUTH COAST B01 (CAS)","Albion Cup 2001 PUMA VELITE U16"
"STU Evolution Black B01","STU Evolution B01 Garcia","Labor Day Cup BU16 Silver"
"STU Evolution Black B01","STU Evolution B01 Black (Cardenas)","NPSL Division 1 (01) U16"
"STU Evolution Black B01","Tacoma Evolution Black","Skagit Firecracker Gold U16"
"STU Evolution Black B01","Evolution 01 Black BU16","Sounders FC Cup BU16 Gold"
"STU Evolution Black B01","Evolution 01 Garcia","Starfire Spring Classic BU16"
"STU Evolution Black B01","STU Evolution B01 Black","Founders Cup B01 Div A"
"STU Evolution Black B02","STU Evolution B02 Black","SSUL B01 Division 2"
"STU Evolution White B01","STU Evolution 01 Blanco BU16","Xtreme Cup BU16 Gold"
"STU Evolution White B01","STU Evolution B01 White","SSUL B01 Division 2"
"STU Evolution White B01","STU Evolution B01 White","Founders Cup B01 Div A"
"STU Evolution Yellow B01","Evolution 01 Yellow BU16","Sounders FC Cup BU16 Silver"
"STU Evolution Yellow B01","STU Evolution B01 Yellow","SSUL B01 Division 2"
"STU Evolution Yellow B01","STU Evolution B01 Yellow","Founders Cup B01 Div A"
"Sun Valley Blue B01","SUN VALLEY 2001 BOYS-BLUE","Spr Idaho D3 U15/16 Division 2 South"
"Sun Valley Blue B02","SUN VALLEY 2002 BOYS-BLUE","Spr Idaho D3 U15/16 Division 2 North"
"Surrey FC Avalanche B01","Surrey FC Avalanche","Clash At the Border Gold/Silver U16"
"Surrey United B01","SUSC 2001 (CANADA)","SX Cup Boys U16 Premier - Tier 1 U16"
"Surrey United B01","Surrey United SC","BCSPL 2001 U15"
"Surrey United B01","Surrey United 01","Whitecaps Invitational U16"
"TC United Navy B01","THURSTON COUNTY UNITEDTC UNITED B01-NAVY - MCINROY","Central WA Super Cup Boys U16 Gold"
"TC United Navy B01","TC United B01 Navy-McInroy","PSPL Classic 1 U16"
"TC United Navy B01","THURSTON COUNTY UNITED TC UNITED B01-NAVY - MCINROY (WA)","WA Cup HS Silver U16"
"TC United Navy B01","TC UNITED B01-NAVY - MCINROY (WA)","WA Cup HS Silver U16"
"Team Challenger FC Black B01","Team Challenger FC 01 Black (OH-N)","USYS National League U16"
"Temecula Valley Hawks B01","Temecula Valley Hawks SC Boys 2001 Academy","SCDL Fl1 U16"
"TFA FC Los Angeles B01","TFA FCLA (CAS)","Surf College Showcase Super Black U16"
"TFA FC Los Angeles B01","TFA FCLA","NHB Cup Flight 1"
"TFA FC Los Angeles B01","TFA-FCLA B-01","SCDL Fl1 U16"
"TFA FC Los Angeles Blue B01","TFA - FCLA 01 Blue","Nomads Thanksgiving 1st Division U16"
"TFA FC Los Angeles Blue B01","TFA-FCLA B-01 Blue","SCDL Fl1 U16"
"TFA San Diego B01","TOTAL FUTBOL ACADEMY TFA-SAN DIEGO (CAS)","Albion Cup 2001 PUMA VELITE U16"
"Thelo United B01","Thelo United FC 01B","Win OYS B01 Division 1 White"
"Thelo United B01","Thelo United FC 01B","OYS Presidents Cup B01"
"Thompson Okanagan FC B01","Thompson Okanagan FC","BCSPL 2001 U15"
"Thompson Okanagan FC B01","Thompson Okanagan FC 01","Whitecaps Invitational U16"
"THUSC Hornets B01","THUSC 01B United Hornets","Win OYS B01 Division 1 Green"
"THUSC Steel B01","THUSC Steel","Beaverton Cup BU16 Silver"
"THUSC Steel B01","THUSC STEEL (OR)","Oswego Nike Cup Boys U16"
"THUSC Steel B01","THUSC STEEL (UNITED STATES)","SX Cup Boys U16 Gold - Tier 3 U16"
"THUSC Steel B01","THUSC 01B United Steel","Win OYS B01 Division 1 Green"
"THUSC Steel B01","THUSC 01B United Steel","OYS State Cup B01"
"Tijuana Xoloitzcuintles B01","CLUB TIJUANA XOLO FUERZAS BASICAS SUB 16 (MEX)","Surf Cup Super Black U16"
"TOFC Canada B01","TOFC 2001 BOYS (CANADA)","SX Cup Boys U16 Premier - Tier 1 U16"
"Total Futbol Academy B01","Total Futbol Academy","Nomads Thanksgiving 1st Division U16"
"Tracyton Force B01","Tracyton Soccer Club B01 Force","PSPL Classic 2 U16"
"Tracyton Force B01","Tracyton Force","River Jam Samba U16"
"Tucson SA Red B01","TUCSON TSA 01 BOYS RED","NHB Cup Flight 1"
"TVSA Hawks Academy B01","TVHSC HAWKS B01A (CAS)","NV Players Showcase Caesars U16"
"Twin Falls Rapids B02","TF RAPIDS U15B (02/03)","Spr Idaho D3 U15/16 Division 2 South"
"Twin Falls Rapids B99","TWIN FALLS RAPIDSTF RAPIDS U16B","Yellowstone Cup Gold"
"Tynecastle FC B01","TYNECASTLE FC B01","Mt Hood Challenge Boys U16 Gold"
"Tynecastle FC B01","TYNECASTLE FC B01 (WA)","Nike Crossfire Challenge Gold Group U16"
"Tynecastle FC B01","TYNECASTLE FC B01 (WA)","WA Cup HS Gold U16"
"UC United B01","UC UNITED","Spr Idaho D3 U15/16 Boys Division 1"
"Union City Premier Acadamicos B01","UNION CITY PREMIER ACADÉMICOS","FWRL CAN CRL U16"
"Union Sacramento FC B01","Union Sacramento FC","Nomads Thanksgiving 1st Division U16"
"Upper Valley Madison United B00","UPPER VALLEY SOCCER FOUNDATIONMYSA BOYS U 16","Yellowstone Cup Gold"
"Upper Valley Madison United B99","UPPER VALLEY SOCCER FOUNDATIONMADISON UNITED BOYS U 16","Yellowstone Cup Gold"
"USA Premier B01","USA/MP 01 Premier (SC)","USYS National League U16"
"Utah Rangers B01","UTAH RANGERS FC 01 PREMIER","FWRL Desert 2001 U16"
"Valparaiso United B01","VALPARAISO UNITED FUTBOL 01 BOYS JG","FWRL Desert 2001 U16"
"Valparaiso United B01","VALPARAISO UNITED FUTBOL 01 BOYS MT (AZ)","Surf College Showcase Super Black U16"
"Valparaiso United B01","VALPARAISO UNITED FUTBOL 01 BOYS JG (AZ)","NV Players Showcase USYS National League U16"
"Valparaiso United B01","Valparaiso United FC 01 JG (AZ)","USYS National League U16"
"Valparaiso United B01","VALPARAISO UNITED FUTBOL 01 BOYS MT (AZ)","Manchester City Cup Gold U16"
"Vancouver Athletic FC Liberos B01","VANCOUVER ATHLETIC FC LIBEROS (CND)","SX Cup Boys U16 Gold - Tier 3 U16"
"Vancouver FC B02","VANCOUVER FC - U16 BOYS (CANADA)","SX Cup Boys U16 Metro - Tier 2 U16"
"Vancouver Island Wave B01","VANCOUVER ISLAND WAVE (CANADA)","SX Cup Boys U16 Premier - Tier 1 U16"
"Vancouver Island Wave B01","Vancouver Island Wave","BCSPL 2001 U15"
"Vancouver Island Wave B01","Vancouver Island Wave 01","Whitecaps Invitational U16"
"VK Cobras Zapata B01","VKCOBRASFC2001 ZAPATA","LV Thanksgiving Classic LVTC U16 Boys Gold"
"VYSA B02","VYSA BOYS JKESSLER 02","Spr IPL Boys 01-02 U16"
"WA Rush B01","Washington Rush B01 A","FWRL B01"
"WA Rush B01","WASHINGTON RUSH B01 (WA)","Nike Crossfire Challenge Super Group U16"
"WA Rush B01","Washington Rush B01 A","RCL B01 Div 2"
"WA Rush B01","WASHINGTON RUSH B01 (WA)","WA Rush Cup B01 Gold U16"
"WA Rush B01","WASHINGTON RUSH B01 (WA)","Carlsbad Nov Nights College Showcase Elite U16"
"WA Rush B01","Washington Rush B01 A","WYS Championship B01"
"WA Rush Nero B01","WA Rush Nero [B01]","Sky River BU16"
"Walla Walla United B01","Walla Walla United Soccer Club 2001","PSPL-Inland Copa 1 U16"
"Washington East SC A B02","WASHINGTON EAST 02 A","Spokane Cup Boys 15/16"
"Washington East SC B B02","WASHINGTON EASTB02MADER","Spokane Cup Boys 15/16"
"Washington East SC B B02","WASHINGTON EAST B02MADER (WA)","River City Challenge Boys U15-U16 ('02-'01) U16"
"Washington East SC B01","WASHINGTON EAST B01 WINDHAM (WA)","Oswego Nike Cup Boys U16"
"Washington East SC B01","Washington East SC B01 Windham","PSPL WSPL 1 U16"
"Washington East SC B01","WASHINGTON EASTB01 WINDHAM","Spokane Cup Boys 15/16"
"Washington Timbers Green 2 B01","WA Timbers 01B Green 2","Founders Cup B01 Div A"
"Washington Timbers Green B01","WTFC B01 Green","Beaverton Cup BU16 Silver"
"Washington Timbers Green B01","WASHINGTON TIMBERS FCWASHINGTON TIMBERS FC GREEN B01","Mt Hood Challenge Boys U16 Silver/Bronze"
"Washington Timbers Green B01","WA Timbers 01B Green 1","RCL B01 Div 4"
"Washington Timbers Green B01","WA Timbers 01B Green 1","WYS Presidents Cup B01 Div 2"
"Washington Timbers Red B01","WA Timbers FC B01 Reds","Clash At the Border Gold/Silver U16"
"Washington Timbers Red B01","WASHINGTON TIMBERS FC WTFC 01 RED (WA)","Nike Crossfire Challenge Super Group U16"
"Washington Timbers Red B01","WA Timbers 01B Red 1","RCL B01 Div 2"
"Washington Timbers Red B01","WASHINGTON TIMBERS FC WTFC 01 RED (WA)","Timbers Winter Showcase 2001 Showcase U16"
"Washington Timbers Red B01","WA Timbers 01B Red 1","WYS Championship B01"
"Washington Timbers White 1 B01","WA Timbers FC B01 White","Clash At the Border Bronze U16"
"Washington Timbers White 1 B01","WASHINGTON TIMBERS FCWASHINGTON TIMBERS FC WHITE B01","Mt Hood Challenge Boys U16 Gold"
"Washington Timbers White 1 B01","WA Timbers 01B White 1","WYS Presidents Cup B01 Div 1"
"Weiser B01","WEISER","Spr Idaho D3 U15/16 Division 2 South"
"Wenatchee Valley United Aguilitas B01","WV UNITED SOCCER CLUB Aguilitas 01","PSPL WSPL 1 U16"
"Wenatchee Valley United Aguilitas B01","UNITED SC Aguilitas 01","PSPL WSPL 1 U16"
"Wenatchee Valley United Aguilitas B01","Aguilitas","US Club Regionals 2001"
"Wenatchee Valley United Aguilitas B01","WENACTCHEE UNITED SC AGUILITAS (WA)","WA Cup HS Gold U16"
"Wenatchee Valley United B B01","WV UNITED SOCCER CLUB B01 - Velasquez","PSPL-Inland Copa 1 U16"
"Wenatchee Valley United B B01","UNITED SC B01 - Velasquez","PSPL-Inland Copa 1 U16"
"Wenatchee Valley United Deportivo Teca B01","WV UNITED SOCCER CLUB Deportivo Teca FC","PSPL WSPL 1 U16"
"Wenatchee Valley United Deportivo Teca B01","UNITED SC Deportivo Teca FC","PSPL WSPL 1 U16"
"Wenatchee Valley United Deportivo Teca B01","WENATCHEE UNITED SC DEPORTIVO TECA 01 (WA)","WA Cup HS Gold U16"
"Wenatchee Valley United Quincy B01","Quincy United B01","KCC BU16"
"Wenatchee Valley United Quincy B01","WV UNITED SOCCER CLUB Quincy United","PSPL Classic 2 U16"
"Wenatchee Valley United Quincy B01","UNITED SC Quincy United","PSPL Classic 2 U16"
"Wenatchee Valley United Quincy B01","WENATCHEE UNITED QUINCY UNITED 01 (WA)","River City Challenge Boys U15-U16 ('02-'01) U16"
"Wenatchee Valley United Quincy B01","Quincy United","Starfire Spring Classic BU16"
"Wenatchee Valley United Quincy B01","UNITED QUINCY 01 (WA)","WA Cup HS Silver U16"
"Wenatchee Valley United Sounders B02","Wenatchee United Sounders","Crossfire Select U16"
"West Coast FC B01","WEST COAST FC ARMOUR (CAS)","Surf Cup Super Black U16"
"West Coast FC B01","West Coast FC B01 Armour","FWRL CAS B01"
"West Coast FC B01","WEST COAST FC ARMOUR (CAS)","Surf College Showcase Super Black U16"
"West Coast FC B01","West Coast FC B01 Armour","SCDL Fl1 U16"
"West Coast FC B01","WEST COAST FC ARMOUR (CAS)","Manchester City Cup Gold U16"
"West Coast FC Cloutier B01","WEST COAST FC B2001 CLOUTIER (CAS)","Carlsbad Nov Nights College Showcase Elite U16"
"West Coast FC Cloutier B01","West Coast FC B01 Cloutier","SCDL Fl1 U16"
"West Pines United Carrillo B01","West Pines United Carrillo (FL)","USYS National League U16"
"Westside Timbers Copa B01","WT 01B Copa","Beaverton Cup BU16 Gold"
"Westside Timbers Copa B01","Westside Timbers B01 Copa","Clash At the Border Gold/Silver U16"
"Westside Timbers Copa B01","WESTSIDE TIMBERS COPA (OR)","Surf College Showcase Super White U16"
"Westside Timbers Copa B01","Westside Timbers 01B Copa FWRL","FWRL B01"
"Westside Timbers Copa B01","Westside Timbers 01B Copa FWRL","Win OYS B01 Premier"
"Westside Timbers Copa B01","Westside Timbers 01B Copa FWRL","OYS State Cup B01"
"Westside Timbers Copa Red B02","WT 02B Copa Red","Beaverton Cup BU16 Gold"
"Westside Timbers Copa TS B01","WT 01B Copa TS","Beaverton Cup BU16 Silver"
"Westside Timbers Copa TS B01","Westside Timbers 01B Copa TS","Win OYS B01 Division 1 White"
"Westside Timbers Copa TS B01","Westside Timbers 01B Copa TS","OYS Presidents Cup B01"
"Westside Timbers Copa White B02","WESTSIDE TIMBERSWESTSIDE TIMBERS COPA B02","Mt Hood Challenge Boys U16 Gold"
"Westside Timbers Mundial B01","WT 01B Mundial","Beaverton Cup BU16 Silver"
"Westside Timbers Mundial B01","Westside Timbers 01B Mundial","Clash At the Border Bronze U16"
"Westside Timbers Mundial B01","WESTSIDE TIMBERSWESTSIDE TIMBERS MUNDIAL B01","Mt Hood Challenge Boys U16 Silver/Bronze"
"Westside Timbers Mundial B01","Westside Timbers 01B Mundial","Win OYS B01 Division 1 White"
"Westside Timbers Mundial B01","Westside Timbers 01B Mundial","OYS Presidents Cup B01"
"Westside Timbers Samba B01","WESTSIDE TIMBERSWESTSIDE TIMBERS SAMBA B01","Mt Hood Challenge Boys U16 Premier"
"Westside Timbers Samba B01","WESTSIDE TIMBERS B01 SAMBA (OR)","Nike Crossfire Challenge Super Group U16"
"Westside Timbers Samba B01","Westside Timbers 01B Samba","Win OYS B01 Premier"
"Westside Timbers Samba B01","Westside Timbers 01B Samba","OYS State Cup B01"
"Whatcom Rangers Blue B01","51 WFC Rangers 2001 Blue","Baker Blast U15-16"
"Whatcom Rangers Blue B01","31 WFC Rangers 2001 Blue","Pacific Coast Challenge COPA U16"
"Whatcom Rangers Blue B01","Whatcom FC Ra - BU01 Blue","RCL B01 Div 3"
"Whatcom Rangers Blue B01","WFC Rangers 2001 Blue","Sounders FC Cup BU16 Gold"
"Whatcom Rangers Blue B01","Whatcom FC Ra - BU01 Blue","WYS Presidents Cup B01 Div 1"
"Whatcom Rangers Gold B01","WFC RANGERS B01 GOLD (WA)","Nike Crossfire Challenge Super Group U16"
"Whatcom Rangers Gold B01","Whatcom FC Ra - BU01 Gold","RCL B01 Div 2"
"Whatcom Rangers Gold B01","Whatcom FC Ra - BU01 Gold","WYS Championship B01"
"Whatcom Rangers Gold B02","50 WFC Rangers B02 Gold","Baker Blast U15-16"
"Whatcom Rangers White B01","52 Whatcom FC Rangers B01 White","Baker Blast U15-16"
"Whatcom Rangers White B01","33 WFC Rangers B01 White","Pacific Coast Challenge COPA U16"
"Whatcom Rangers White B01","Whatcom FC Ra - BU01 White","RCL B01 Div 4"
"Whatcom Rangers White B01","WFC Rangers B01 White","Sounders FC Cup BU16 Silver"
"Whatcom Rangers White B01","Whatcom FC Ra - BU01 White","WYS Presidents Cup B01 Div 2"
"Whitecaps FC Academy B01","Whitecaps FC Academy 01B","PacNW Winter Classic Premier U16"
"WPFC Black B01","WPFC B01 Black A","FWRL B01"
"WPFC Black B01","WASHINGTON PREMIER FC WPFC BOYS 01 BLACK (WA)","Nike Crossfire Challenge Super Group U16"
"WPFC Black B01","WPFC B01 Black","Rainier Challenge Samba U16"
"WPFC Black B01","WPFC B01 Black A","RCL B01 Div 1"
"WPFC Black B01","WPFC B01 Black A","WYS Championship B01"
"WPFC Gold B01","WPFC B01 Gold (D)","Labor Day Cup BU16 Silver"
"WPFC Gold B01","WPFC B01 Gold D","RCL B01 Div 4"
"WPFC Gold B01","WPFC B01 Gold","River Jam Samba U16"
"WPFC Gold B01","WPFC B01 Gold (D)","Sounders FC Cup BU16 Silver"
"WPFC Gold B01","WPFC B01 Gold (D)","Xtreme Cup BU16 Silver"
"WPFC Gold B01","WPFC B01 Gold D","PacNW Winter Classic Premier II U16"
"WPFC Gold B01","WPFC B01 Gold D","WYS Presidents Cup B01 Div 2"
"WPFC Navy B01","WASHINGTON PREMIER B '01 NAVY (WA)","Bigfoot Silver U16"
"WPFC Navy B01","WPFC '01 Navy","Eastside FC Cup BU16"
"WPFC Navy B01","WPFC B01 Navy","Rainier Challenge Copa U16"
"WPFC Navy B01","WPFC B01 Navy C","RCL B01 Div 3"
"WPFC Navy B01","WPFC B01 Navy","PacNW Winter Classic Premier II U16"
"WPFC Navy B01","WPFC B01 Navy C","WYS Presidents Cup B01 Div 2"
"WPFC White B01","WPFC Boys 01 White","Eastside FC Cup BU16"
"WPFC White B01","WASHINGTON PREMIER FC WPFC B01 WHITE (WA)","Nike Crossfire Challenge Gold Group U16"
"WPFC White B01","WPFC B01 White","Rainier Challenge Samba U16"
"WPFC White B01","WPFC B01 White B","RCL B01 Div 2"
"WPFC White B01","WPFC B01 White B","WYS Presidents Cup B01 Div 1"
"WS Strikers B01","WS B01 Strikers","NPSL Division 3 (01) U16"
